distributor_id,manufacturer_id
f81d9849-059d-4c8b-aa49-2f197db06a86,70458b7a-30d6-4e3b-91ef-283313b22be0
cc1e24cf-1680-457a-8060-2c8d57cc51d1,8fa86ef4-9482-4e3c-acf7-d0bc47365492
40bb9a2d-5ef2-4f2d-914d-2fa450165d10,9aa17dc6-afe4-4496-b872-3968b0f56c3b
241b7adf-77c3-4699-adfa-543295f84607,8db1722e-e586-407c-8f35-ae972f30c9ca
9ecb93f3-bef5-4212-a616-654c97e0d5ea,3b98be04-5388-41f6-b914-a96e28e19117
02196610-e03e-4e5e-a503-fd11a90ca0ce,4023e4f4-e1e6-4676-8d01-7014d48d69bb
4e269e1e-e263-4a76-856a-5895e80276e3,b146b1dc-324f-4bcd-9889-2b93ba7de8c1
8a50ade4-3e4f-4915-b0ea-a60cbea4a63e,2be53f52-a2dc-4a29-8c36-e9e403167b78
afdc4b52-ef41-44b3-b504-2323eaf56e05,4a82c5e5-afa5-4648-8820-bdb28c157b2a
1cc28fef-8873-4ea9-b663-a68cdf567b12,5a97ebb0-678c-4ec5-a800-ecfe81c37fb2
9fb1bda5-3608-4447-9757-4d5dff2ccee0,8face201-2b81-4aac-af7b-52bfc5f4bb29
35f74070-6517-40c1-a39e-68d1de0d714e,2a2097cf-b9e4-4f33-9cd2-d6b7c4dce71c
e14714e6-cfaa-41d9-9fdc-d6575bc1d927,28ffb690-907f-45a6-9052-0c357bc2aa15
12ffb476-87d4-484d-9473-63f1b3bcc1dd,8013e9cc-9e27-4557-b8ca-60bf7a67b278
a645a5db-f043-495d-ad7b-0c1dd4142419,4010d282-46f5-4b89-9aee-bd2cc7a03529
0938590a-365c-4928-98d4-92fc1db5a0e2,612d97c3-eb60-4765-9b0d-082cfdcb9e51
be7c4877-054e-4765-8250-d70a7cf2003a,01f09773-cb3d-4581-94c3-0fe1a1cc95c9
1be8fa1d-2a2f-49b8-8e96-0de3c2c2254c,e5aef97f-5728-4e8a-bf87-392c699b4cf6
cdaf1971-d484-495d-95d8-0c5521d2c233,b8d61b8b-2648-43f7-a4af-8bd7cb414eb2
17de2aef-cf12-4aa3-8e2a-3610f2ca04ae,81bc828c-a1ed-4ccc-8c30-129a681945fa
b500c4e2-0896-45ef-b20f-10eca2bbaaf4,1844f323-84e7-41c0-9f64-e021eb058926
1aec4359-fbbd-416f-8cc2-f1882e80114b,3b9f4f30-e11d-42c4-ab1d-496d807b03bb
bbe2933c-ba61-4adb-b1fc-657acdffd818,0b26d70c-cc83-4efa-a28b-42168aeaa686
2959bfb2-1c41-4bae-8e87-a5427a5369b9,bfd62617-91b7-4795-b166-1329104f83df
de9d6d2a-dceb-4240-8e92-9a5c25e7501d,5b4c8d63-2b16-47c5-b31e-913d8840b8d0
929f5f2b-71e0-4dfe-b228-7cb3441d3364,14a78b67-2082-40f5-8fc2-a65724aeedbd
5a0faa38-7329-4179-89d3-8aa5af7226a6,0e234447-9934-434f-9fc3-6d006dc1abad
160e8856-b9ed-4af5-99a1-daac75eae5b2,ddf421f5-a2d8-40cf-acda-04b915c7affb
6eb791dc-57a7-4297-a4c3-98bc42d8d4ad,e4c69a37-3212-4ee5-8e7b-460b89f17a26
f2a0830e-5360-4115-8110-654b8bc428e8,20a61b5c-ba2a-4721-910a-665d351ec462
f5c8ddba-3d8d-4745-af53-bfbcdb4e115f,a5deec02-daaa-4e4d-8b90-79d1f4951b29
391e876b-1829-4593-9fcc-f25cc7847dbf,b541bc71-072f-47e7-97d1-61dc6a38927a
e1719471-a938-4d3a-b0cf-11fc97202eb9,2c18caa1-9ae0-4c45-bb72-5d83d4231b7e
58c169ca-0ad5-4810-8842-65bcc65f4695,0c644f37-01f9-42ec-a614-57706141e0bb
a05b5e5f-b00b-4c68-a52c-2908210ac7c0,1da459bd-ec27-42e6-9a3e-055ee5755316
6f42fd52-4a89-4c73-aae8-bf8341bdd5da,5fe3948c-6116-46af-a14f-803ffbbc6784
5eff7f6b-200e-431d-b27e-98d9e12842a1,d20995f8-871d-42e4-9144-d3edee6923fc
f1a695d9-c6c2-4b4d-9f8c-01bc77c70d96,ebff2c05-58a3-4b0d-9bc5-e30e8e408403
e423fdbb-92f4-41a6-8aff-1b87659cfe81,0ee0dadb-97c1-49e8-927f-ee56cc652eed
c91cbd15-f682-448e-8b93-cd44d1511340,7327d0ae-7fff-400d-94c2-d9fb27b84103
be46be58-33b3-4c30-82a4-6238e46164f7,9d41bf02-173c-4b01-929f-c96522aa96ae
81845438-aa3f-44dd-8629-f2de7de18fd4,f41599c7-0d83-48b1-9a0b-9e97fe57d006
4458a55b-cadc-491f-bbf8-264be0ee07fe,37d34a9f-e7bf-4c55-b0c4-6dfba42d7fa2
8137846a-9e36-494b-8ebd-8f748ef1c4ea,dc4c9c21-8369-40c3-8e4e-56b21c831138
b8a3af3d-df0f-42f9-9a30-ec26a4fd35c3,77de0dcb-3eed-46b2-91cc-36de4511c364
c9db1776-3ee3-462a-ab4a-2e5da0e36904,ac0acb7e-d7e5-4611-8eac-88320f9a994a
6c2a93af-8e68-49b1-bc26-95046d94df0c,2e9a4a1d-65f2-4521-844c-514ec990cc43
c0b01ea5-341f-4cbf-9c93-bd1ebc4d1b84,bf448c0b-7532-40e5-a393-8aec92b1fbee
c91cbd15-f682-448e-8b93-cd44d1511340,c989682b-18db-405a-bc3d-7a0592d3d58a
b074d2c4-0552-43ae-9996-e88a0f91fa96,32189a7c-4578-45b4-b564-4acd9d34bfcc
fc0f30d7-ac74-4446-b493-8c9fda9b32ff,cb095ad7-723b-49f3-bd32-6ca8fad8ecbc
11b10369-4b4f-4dba-ae64-547419d7533f,82055f62-0b41-4394-b66d-bbdcbddfda0f
82edf600-6d9c-4dfa-b3da-3bb5d8b52f05,b00d565f-8884-43e0-bd2e-9c262b683a41
491128c7-d5f5-471e-ac15-df980eb27a69,1b922f6b-decd-4b25-b793-d0ec896d1438
afdc4b52-ef41-44b3-b504-2323eaf56e05,7847763a-b1c6-4490-a8c7-8904a4f1976f
fb867eea-1018-4a65-9e6a-940497120a73,8592719e-3989-4ec4-be06-dbed36bcca27
aacbbd8e-1042-4427-9805-da805040a9b5,e3eacf57-d144-467a-8f71-eb94258095d2
3da42aca-5976-472e-905c-22df6995c24f,f3a38937-eeed-4505-9bab-cde1c35e2ed8
acaf239f-eaa3-4809-8a5f-e26bd1778423,a1222340-6d66-4eb6-8705-5013abb4c199
a8688fbf-0c92-47da-aa30-33f4899bf216,b94b811e-cf5f-44dc-b031-b8529f33c842
9e2d5a94-431d-46dd-aa43-8225cb09b2ac,c7b115d1-7d25-4d99-84b5-9ccb929b1e4f
96982403-f233-4009-87b7-606d91929dfe,a31420a4-978b-49d4-b47a-f0a8b9b21b68
e7a77c25-42ac-4557-855f-e9e4f386fd83,99711997-b726-4d17-ad0e-558bb1bb5f59
85303337-883d-44d8-b638-311207f8e287,fbbefdec-3a22-404a-bca8-d94b406bee7b
f7dad445-b8bc-47aa-9c02-07b77c841bb9,3364b648-c4f7-4b4d-a1c9-028946e9c507
f5f50279-d1dd-46b4-a1d8-40befeaf7317,cbc9f916-0325-40bc-92b9-d10263e8b74d
afdc4b52-ef41-44b3-b504-2323eaf56e05,cff2cd5e-8fe9-4944-8b95-49b7b4648bf6
436fe940-2f80-45b1-87fe-3a6db6c44c41,9243350f-1fb5-459c-be87-70efb700c2d7
92053182-fc93-494c-9722-5c8eb5a76b27,a6e1f361-c655-4ff5-b45d-b865214abd47
c046983c-da77-4781-8f35-513a7fe16829,e58573f4-04eb-4248-9d0c-b96ce9aa0d29
53b73aa9-02e1-4636-a929-3249aae0b0e7,a69c33ec-beb0-479a-9a15-c7c0e9a7fcfe
30c0ba5e-79ec-4784-8290-6f161677e17f,09226fc6-bb68-40fa-8518-fbc72ab1b87d
a527de81-b6b0-4415-be2d-b2fdf2a2e8c0,cc685b44-e6c1-432f-bc61-10df9c4c7372
b93528f3-4696-47b5-90c5-f21fc53d0e6f,20e2cd66-2269-4e28-b5d3-e25adbb826f7
7dd6f630-77a7-4645-babf-10148a2d80ad,1a5a8cdc-411c-424d-bb73-24f066b5fe53
9bd2648a-53bb-4fcc-a3c7-0deb5af05dbf,0ca45fe1-8487-4a12-b9d1-867fbaf56f58
97a54974-6ec5-434d-aec3-57284ac0dac3,d9567e67-899c-4d04-b47a-2af5a32ed9e7
d1dbac2d-51e0-45ce-8bfb-eb80d0463f28,3e269900-8984-4bfe-9038-e17b03b77026
7f58c27b-3672-4a7a-82d6-e233715d3100,f324bc6f-2eca-4582-b721-a2392f58bac5
79ab45ac-1c98-4dcc-a020-9f8a72b2ef7e,8855c003-ef5d-40ac-a967-0218c19084e3
5e9950b0-e572-4d05-8af7-67c9968cfb44,06ea265f-e730-4abe-8f02-122ef3c76984
578fb1cf-1989-457d-b00c-2d5d9ce96f1d,1bcee66b-067b-469b-9a2d-07a583da4ece
fc0f30d7-ac74-4446-b493-8c9fda9b32ff,438bef11-4fa5-4087-8656-cb4ff57520b5
3f10ec89-c9b7-4322-baad-94fba82931bb,232f3555-7478-4144-9c9a-f77ccbce2048
8a36bbe0-25de-4148-bf04-950c5fa591c9,f64022cc-f951-487c-a2fa-40486fd53aed
cfcbf5af-8498-43af-8778-38e2aef5d688,279819a2-ce82-4927-aaf5-3ab3b370cad7
dae32046-5fb0-441f-8209-36b2151dbcf4,533ddf57-85b2-44ef-960b-2cec1c9352c0
9ac7d17d-58cb-45e8-8d05-332a8c758220,ea2c7b59-d709-4f27-9f36-950dac2f69c1
c9183d22-9a28-49ad-a224-164f83067a50,9073de45-4fa5-439d-92d6-d391c3569c27
b665428e-5478-473e-8043-f209804de978,adeeacc3-ef2d-4afe-ad95-79fd2b0b621b
f9d4aa6f-63d4-41bd-9cb8-4b2c37d6b37e,1d1e8043-48fb-49d4-b54d-9bfd9638f11f
cbc40c01-448b-4f90-9c86-a41dbb866b94,2cbd7e31-7b6d-4d44-b012-bbe0a0f8709d
f446a8e1-62c6-4f03-8dc1-73b1a24ab938,decdcb5e-0d5f-4a74-8fe9-ebac127aeee9
020ff14b-a49a-487e-9b99-4fddb5434d55,5188c38e-48cc-4454-bcad-820b98819060
fe46e126-036e-4c68-ba14-256b983566e9,28ffb690-907f-45a6-9052-0c357bc2aa15
ef77d1ea-1eaa-4bc9-8937-2f0872a035b0,d5997fee-31fc-4c4f-b783-8deb55f12ca5
b074d2c4-0552-43ae-9996-e88a0f91fa96,e6925329-41d1-4bc7-9646-ac82c478a125
22e462d8-d903-4713-95ab-8a353db6f9d3,e9c642d7-216a-4a48-964b-259487d25dbc
56bf825e-0c9f-4c91-a2cd-f83da0194b00,1d1dae9b-e284-4021-8b97-e23856c8ca1f
5e06a59f-8847-496e-9406-9f12481a62c7,305d7e96-d793-4b6f-99b9-82fb51c198a2
d0deaaf3-f646-4480-b0c2-162bb44dbd7c,b7b4a888-3001-4065-a072-506b605409d9
697c9da1-2678-4dd6-bdfb-2b0d4af895bc,507cd1b3-2a67-4ff6-a8c4-933b4906e806
acc4a076-5302-4dd9-97f9-1a0c9205fe15,347417b0-cfa1-4173-b5b3-a7b535a59684
8e9dd175-4fb2-436d-b87c-68cbccef9dc5,2c18caa1-9ae0-4c45-bb72-5d83d4231b7e
30c0ba5e-79ec-4784-8290-6f161677e17f,05de2684-66e1-4544-931d-4ec318e52868
17e13bcb-7485-4195-b3b8-f2c481723e14,d140ec9e-9507-42f6-96a8-7fcab4bf4f84
cb0b1080-5ac2-4b13-8a37-a1d8db013b15,08aba43a-816d-433f-91d6-0403447ed53c
c004f72d-03d2-4430-b729-e9985759c331,7847763a-b1c6-4490-a8c7-8904a4f1976f
a19c70fe-961b-4648-a8cb-9c9e2eb7cf3a,a3823929-84de-414a-8690-7bf0992bb25b
f976dc1a-8135-4a72-ac0d-5f5c2aaf0b51,94110c9d-a350-4f5e-b0f0-f9c2d894198d
e7bd2c1d-e00e-4e92-870d-d59a93d8fccd,92408005-9146-42af-b12a-e2a0d3a98fc1
ad76bbd0-70a1-41d8-9814-d40aead41c1c,8d4ca723-fe6e-4d8f-8768-64f03419dcac
f976dc1a-8135-4a72-ac0d-5f5c2aaf0b51,b9f7e746-810d-453f-b740-6303bb16aa67
fb51c150-9a97-42cb-af61-9d2f2b30211f,cdcdb624-66a2-481c-bd69-114ef6320091
2d5c0d9c-b3da-423e-be2b-b73059c70061,3867bd76-8e02-4932-af9e-f68df462c61a
80bd48ff-3e03-4ae4-9752-b88a26f76247,c16adf3f-b717-445c-a8bb-d680413b3569
63a75110-1f66-46ed-834d-2d40f196ab5d,dceebb11-6037-4dc6-b4c4-a9d3dc83342d
2658fd2f-7038-4820-bca0-c053cb927613,9c65dc78-2eee-46aa-862f-58412e35f6f4
10096415-040b-45ce-8f6c-0b8fa8c6c34f,0b668395-1e61-4be0-b5f9-ebb197e37f12
e28c944e-8041-4923-8ba4-7d1840938bf7,c53d0b8a-0306-42af-9042-523e57d895dc
7381956e-a9c2-4234-84e6-02c4fa1436d9,eba5be48-983d-403a-b8cf-21603aa96cd0
dcbcb338-6f02-4fc2-9eb5-b9db349edde5,764dadbc-c8b2-434c-a6b5-1a0028e83103
881d92ed-7d88-486f-a94a-b1bb7ff3d58f,2518f693-cb7a-4e20-b8c6-78ed1ca81714
6c175b46-91b9-45c1-9e85-36de2fd78c4a,992d6147-86af-4dce-90bb-e9f99ada2969
c2e11f11-7fa1-4fdb-b7b8-94497e5e7aa6,d2563d0c-c4a1-4db3-b2b3-18c7c9ed12ab
b8fa306a-7d0a-4b8e-84eb-7ce64fa3c84b,95ca3869-31c5-4df8-9cc2-05134562d24e
c28f65ce-367f-4804-a32f-7cc33419d7bd,0e8f3016-5d82-4823-b0bd-2b0867c15269
06a4ceef-1cd2-4975-b254-acc13c004b31,b954dc22-d5f7-4baa-a886-de85e1f4da64
06954837-7436-4c05-b722-1ce5da8f1e1c,1ecc556f-907e-41de-bbc1-65f415654444
9d65cc70-f272-448f-a25d-ecd3f8787472,f20b7dcd-39e5-4955-b989-2be9f50045aa
27308181-1172-4f29-87dd-f123e2485e79,a25705b7-dbc5-499b-a9b6-86951ff9ce2f
22e462d8-d903-4713-95ab-8a353db6f9d3,e0eaf4b3-b6e7-42f9-becb-bc29982ec3b8
09686a93-12ac-482c-92a6-b8d61f03eefc,57108fac-9706-4ea4-9a00-ecd4f09c62c7
8a98d2d3-bb2d-44ed-b778-339de21c88d9,e9c642d7-216a-4a48-964b-259487d25dbc
e85b75bf-351f-4f37-9d9c-b98966bf557f,25148398-af84-401d-a66c-a00a5d3d9bda
22db4e8a-e7f9-4100-8996-21024a5af99f,365c6afc-4bc9-4e8d-84f4-5b4cdc0f9a1c
c7f38cf2-983b-424c-972b-428892d3dac0,31917359-e98f-43d1-9791-397a53825934
3f1dabfa-8d91-4f91-bc23-40ed15a52253,947f67a1-5149-4518-a697-85db61cdad06
40bb9a2d-5ef2-4f2d-914d-2fa450165d10,b94b811e-cf5f-44dc-b031-b8529f33c842
0b6ecb70-326a-41a0-b923-90f3751a568a,2fa7479c-fc7f-4bca-ae1a-16130f614d23
5dc615bd-fb67-40a3-82ac-5469405459d6,e2684138-c1dc-4669-b514-2698c43f84dd
99d03a79-5131-4e30-a59f-148ecd58b44a,5a97ebb0-678c-4ec5-a800-ecfe81c37fb2
1546c475-07a2-4238-8a2a-92eb72307965,b6a7a277-74d3-4636-a054-29a2d9ab6333
68a4bc18-940a-44ea-92ee-65e07f04029e,f6b2bd71-418b-48e7-98ef-ade9bbe26fdf
70c9ff8d-5094-4df6-92db-9455a790fc6c,237037e4-8ef7-4fc9-a5a4-983a3a6eba53
c0cf513c-6d8b-4fa8-a526-d8e4f2167335,cd579cd2-1198-4224-9aed-52d2e71818fc
8a623561-0fa5-42b7-910e-27282f9d1945,11b16a3c-3546-453f-80c0-f96847937e6d
215799c6-b7ef-4e60-8dc4-127bd5203ab4,fd1942db-081d-427d-8b88-e9806b45c2cb
37e00a80-9d51-4d3c-a097-ba49e50e7f49,bd290861-b0b6-44c5-91e4-2c37448ccae0
afdc4b52-ef41-44b3-b504-2323eaf56e05,a2134af2-4f63-405c-9ff6-796e4c56ee15
160e8856-b9ed-4af5-99a1-daac75eae5b2,49597e53-c82d-4d55-90c5-5e93f9cb945d
891e130b-c022-4a1c-89a5-0f51d611d228,37d34a9f-e7bf-4c55-b0c4-6dfba42d7fa2
2ea4dfcd-0cff-420d-9bd9-6882188a4c20,947f67a1-5149-4518-a697-85db61cdad06
b8fa306a-7d0a-4b8e-84eb-7ce64fa3c84b,992d6147-86af-4dce-90bb-e9f99ada2969
43a0a28b-6409-4ed8-bc5d-db0bd2db223a,57012002-9069-487d-aadc-f0d4ff7bb81e
cdd5fdf8-98a7-443f-8092-2879b252e53d,8d5bfcd9-8bf9-485b-9cfd-853583c35aec
56bc829f-c88d-4bf2-84e5-f9f14443e4b1,fed766d9-c219-4e1e-a980-f973b7871e85
3d17ad46-12e1-4dd0-a8cb-986461cef2da,4f3f4eb9-0032-49a5-8b0d-95ab7eed6aa6
ed62f334-a9f9-411a-b94c-be57f7641f31,0005ceb2-f1e5-4699-ada0-56367976146a
f87d398b-8656-4305-9a3f-1cc753e116a2,2bfca9f5-7a0a-4d48-9379-7d555fbd5a6f
93668d76-8c30-41d8-a76a-1f0b6e1e6fc7,90d3fe98-90d8-4ecd-ba9f-4eb3cc20203c
4458a55b-cadc-491f-bbf8-264be0ee07fe,e5c7fae9-3a7f-415c-9bcb-233721cebc77
27308181-1172-4f29-87dd-f123e2485e79,c46af30b-9e46-4fee-be31-442e6183da7f
e7cd983b-9198-4507-abc2-1c8fffd335e7,2df757bd-06cb-4bee-9a44-e0c243dc3323
aa38831e-7aa1-4baa-a50a-866ce3ff3e22,51e99d63-44fd-413d-ab80-378fe867fcc0
e086df32-46ea-497a-8382-0d6ae9d31697,e3009613-27fc-4559-990a-aa9399cdb4c7
ae76c71f-2f11-4281-9622-f7a8639ea2d4,f0a0d760-9ed0-4bb6-95ba-6482a3fe1933
1689f8d3-f6ec-4263-912f-f9e3e8dc678d,a567de72-c08e-4ba2-a11e-58297ab1da45
033a92c5-433c-4ac8-b1c5-2d480b17e100,bca605ed-7000-4882-8a93-3c061521dc11
9ecb93f3-bef5-4212-a616-654c97e0d5ea,74467067-86ba-4907-8e97-f4819122e76b
9e2d5a94-431d-46dd-aa43-8225cb09b2ac,1ecc556f-907e-41de-bbc1-65f415654444
3965f04a-4f54-46ff-98b7-a587cbcea433,ae2ef243-ee8e-4d0c-b736-cbf1a107bdc3
bda91e0b-9ac2-43e5-a067-82097819a3ec,b03d2cf2-234c-4e82-a6be-17d077f2a586
7f3d0f2e-053b-4f9c-9b87-0d86b2ec91dd,11b16a3c-3546-453f-80c0-f96847937e6d
29bb08f2-069a-4a38-bf4c-bebd7a2e163d,1b70401a-e399-42f5-9fb1-dd4347e06ee6
a684d76e-efcd-40cb-b94f-395d57e83c36,23082d2c-dcea-41ba-8e73-d6f58f4cc53a
461c2020-7e1b-4876-b245-625cb9216f3d,2d40a860-6b96-414b-bf91-5c75fe7bff56
89067251-2fc8-482f-8346-fc5b2bcb13ba,e4c69a37-3212-4ee5-8e7b-460b89f17a26
80468c7a-c9d9-4f38-87e9-792d406914e3,cb2a68cd-5723-4bd8-82e0-7a5c04a57e86
daf72ecf-85de-4e19-aa60-1b484383a48c,91d91ee5-f03a-4ac5-a4b1-67bb5e2d7ea1
281ed0ba-67b8-4fc7-b155-fcd8b5e14828,be66a07d-e703-492b-a87b-7634531c494d
70a47812-53ca-4cd5-ac1f-042feecd1a2a,5d3dd2ff-2324-45e9-b1ee-b55f64cf2830
6c2a93af-8e68-49b1-bc26-95046d94df0c,9cb36488-dc3e-46c2-a387-a8226c02ec71
f8dbbf23-5bb1-489e-8a49-ca506af0be44,1eb70f89-e33b-437d-baaf-f3e52139c8a4
f67c8aaa-bd87-4219-b9d6-114cc452c1c3,cdf93429-e5f7-4f65-9e29-36066c7731cf
12ffb476-87d4-484d-9473-63f1b3bcc1dd,35cc841a-6ed5-42c7-8a5a-2705c1d41cb1
52316638-d484-4577-91e1-b4e0505f85ec,3e58d038-deba-4eb8-b1c3-66b22ff9d1c3
e28c944e-8041-4923-8ba4-7d1840938bf7,c1ff1552-7205-43e2-971f-d26306dd79af
003038b0-1d08-42bf-b570-d48f728a0fd5,4023e4f4-e1e6-4676-8d01-7014d48d69bb
8eaf2f9e-9f54-4d17-a353-3601e954ac89,0b041095-9218-4589-8261-bc16e0b29c44
bda52735-3e69-46fb-a381-a4581e888f6c,55b622ff-4719-4ce6-a7b1-0c10e65cd6c9
ebaa5fff-9cd5-420e-8e03-f2950e6f7eb8,c5b7c819-21ab-4374-bba1-0403c2325b1e
9ee866a1-04f3-4df5-9f4e-53f7da21a52b,627bd661-36d0-41c5-83ec-f90a9e05d1fd
5d07fb94-9116-467e-bf0e-eba90bc03609,e1da9aa9-6e28-4c38-b607-19777b790663
f2831be9-fc62-483b-8f20-48b04a5829e7,0665d378-0374-48c4-9642-1c3a530ef472
1752b64c-4ed2-416f-b7d0-bd1cecd98831,62ddb14f-2a5b-4563-b9ca-16cb792e8b3c
e2b86d8d-953f-4d24-9954-3ff55a794869,f50eaa48-f6bb-4db3-b376-d33ff514b3db
8a73867e-50ea-4947-afbc-e73665675d0f,b0b122b6-17e6-4b45-8d41-e7f017a42ff7
8a0ada1e-c862-40d6-8139-768603508c4f,d366342a-18a2-4354-b1b7-038e78b412f2
f7dad445-b8bc-47aa-9c02-07b77c841bb9,c7698c4a-f1a0-4d1f-bcd9-f0368b6531fd
f8646e3f-210d-4baa-9287-3e57fac37ef5,ebb47e38-ee07-4ef9-ab18-803b0ed7de4a
8e90e886-3542-4f8c-b081-4d550dd4c26c,992d6147-86af-4dce-90bb-e9f99ada2969
aafe2c4d-fb71-4b05-89c7-487e08ce34b2,ce73c902-09ec-4c7a-a2df-b86660e357f3
5d1df550-9487-4feb-b082-b8f0fd5cc4cb,2cc3a4f6-1f92-45de-b83f-54b647a03030
4275cce2-030d-4a61-968a-c3edd1effacb,2ff7b283-48d9-4c90-b2cf-a9d5a27b3e58
962cc33c-5371-4b2b-be2d-d65475b33332,b03d2cf2-234c-4e82-a6be-17d077f2a586
37e00a80-9d51-4d3c-a097-ba49e50e7f49,18013d63-d1f4-406f-8915-0ec7fbebd895
02196610-e03e-4e5e-a503-fd11a90ca0ce,cff2cd5e-8fe9-4944-8b95-49b7b4648bf6
9ad766eb-2d6e-45e1-89f8-0e5dd3f9c48a,7ab2bd1a-ff77-4f66-a5e6-0ea95a83fef4
49ac299d-abb0-4b4a-9121-db44fd711d9c,45ed533a-0dec-48b3-8cea-bcd1e942cae3
1a94c3d3-e789-4e69-89cc-5ab95e0cdc51,488d098f-6e3c-4695-8c65-a9a88a4dbc28
7c289aa2-219a-4085-9c55-869bad441729,1dabd03d-c620-4882-be39-45a5715ff5d9
1ebc3c83-3ddf-4401-8219-989260afa6b1,1d5f3ee2-2967-4a2a-91d0-21ac8a044fda
5a5c049b-d49b-461a-8064-a168ae74b4c6,071691ae-8fd1-4d13-a851-a4ea6e67967b
82edf600-6d9c-4dfa-b3da-3bb5d8b52f05,f44c9d4a-8176-4bd6-ae09-b155b4386d60
16e3fcba-abdd-472e-bddb-29be12d014ee,e6addb32-42c1-40fa-88c3-b67337e00218
b8128d78-5220-47fc-a512-6d87c98f0adb,6f315fae-57fc-444f-b0d0-5245e32563f0
b2c967b6-614b-4447-89d1-f242b63a8ba2,99376b23-8497-4690-8870-4b4fcf9b87eb
4bfea83e-6634-44c2-a183-8eb3a8deced8,9f949d8a-da7b-4af0-bb67-86ea2cbfd676
b2841db2-832e-47f3-98c9-dcc4689f66db,3e58d038-deba-4eb8-b1c3-66b22ff9d1c3
13a9f56c-079a-449f-971a-83d889dd8d3d,e577aac2-1c21-40da-9789-9e3cc6758104
47c7852c-eab7-4ff6-aff2-362048ed89d2,d9567e67-899c-4d04-b47a-2af5a32ed9e7
3a86fe0c-32b8-4b16-9502-b73e0e48837e,a0bd3151-9978-48ef-94d5-3f87dd1c86f2
f87d398b-8656-4305-9a3f-1cc753e116a2,b4b6e709-5baf-4ce1-80e3-8424118038b8
6c4ec499-555a-46e7-a026-608ad47156df,24ad4502-21db-451a-9073-e841bbdf6dd9
d1ccb9d3-3de6-4e37-8091-dcb0107bf457,3421c224-bbdd-4cd3-895a-744cfd3bad21
c0c074ca-f43c-43b9-b895-0dcb86f683f0,cb2a68cd-5723-4bd8-82e0-7a5c04a57e86
436b4cdd-ea9c-4ff2-8388-321bba3c159d,1a1980c3-0082-47ad-872f-a4d0c51e1a80
3be14c4a-5c79-488f-a449-c5dfb9a114a9,c0b6b783-6a69-468b-8c97-9e191fec3f81
4e4b88d8-992e-42b5-9653-d82ff92a1e12,682fc5c2-e000-45d4-a6dd-75caeb9ba314
6b67955c-94f6-4859-9856-d137c8d6d662,55b622ff-4719-4ce6-a7b1-0c10e65cd6c9
72b3b37e-9b1b-47fd-9378-414f0e0909dd,14d2090f-2c4d-43bc-af80-d6eee1456e9d
aca64c00-c372-4ea3-b94b-df995ced9298,35cc841a-6ed5-42c7-8a5a-2705c1d41cb1
603ff451-06ac-4f18-83e9-568dd0eca93b,fc424911-25d2-4c08-93be-534add88ffef
d1760fa4-e41f-4edc-a4c5-ba64de471fbb,9d41bf02-173c-4b01-929f-c96522aa96ae
891e130b-c022-4a1c-89a5-0f51d611d228,f98638a4-61f1-4a8d-b4e3-a99116d9783d
028e4374-d9b3-40d9-ba33-d71d03cb90c4,f9730d4b-40f7-41f6-a3c2-6c17dcdb9a97
4275cce2-030d-4a61-968a-c3edd1effacb,22ac5d16-ce07-4d08-80ec-c7277989fef9
e5335fbb-9777-45ab-ab54-e86c57c13921,f1f51b6f-5317-493e-a613-9275a74f2da4
124301ec-c886-43ca-9e24-30b62f0e5716,e2684138-c1dc-4669-b514-2698c43f84dd
a373a04c-7275-4df2-b39c-a71d03a8d95f,0fb2aa3b-526f-4414-9230-116fc13c5995
c7379b25-6afd-4911-acfa-2d0dfd4d045d,1d5f3ee2-2967-4a2a-91d0-21ac8a044fda
a373a04c-7275-4df2-b39c-a71d03a8d95f,50bd1061-db00-4ea5-8d4b-6701888206bb
90f6f032-bfbf-4b5a-b531-fe02e08785fd,58fff4f4-09d7-49d2-8b67-46fc4f6ede51
a5a51d79-e714-4d8b-911d-a5f9bb78acb7,73d69d90-176c-49dd-afd3-de88bad1c7b6
caeba18e-dcbd-46dd-a16e-740bd2fa8fe8,ffdfd191-6039-496e-ae94-707925ef4cc7
aba6b698-fff7-48db-bfa1-64d6cabd00bc,a2e4aa60-7c6c-463d-ba36-ccf83a66487f
bcaa97a9-3c24-47ea-912e-97de43bfc579,990d8f6e-0170-466b-8aef-f1b771ba942e
2d9cfae5-ea80-4f94-abcd-ef45e292907f,74bc45f8-0d8f-4068-a5e0-2dbadf63867a
4190de5c-9140-4d21-959c-ea361eeb746b,752038c9-34f1-472b-b4cd-01b7b89a8ce9
c6d30b3b-245e-41db-9cca-a5e2142f371d,9b4e5c48-536c-431b-a2ef-a9f0f27b2993
52316638-d484-4577-91e1-b4e0505f85ec,2cee80f9-3d4d-4d55-9131-6746688d53d2
d7a05e76-4ae9-4422-bc53-a940976db645,c7b115d1-7d25-4d99-84b5-9ccb929b1e4f
6a3e423d-6a77-4440-8653-1597562684a8,28ffb690-907f-45a6-9052-0c357bc2aa15
0daa74b7-8f81-4e5e-b8b7-8c67f69b66f5,4a82c5e5-afa5-4648-8820-bdb28c157b2a
f3db764f-2509-449e-a51a-4bf5c14ea85b,d6f56eec-4c58-4022-80ab-9eb3aed5b92e
87c4c1f9-2e52-4597-9f88-e93cafc6f044,f9730d4b-40f7-41f6-a3c2-6c17dcdb9a97
fb51c150-9a97-42cb-af61-9d2f2b30211f,8674c8b6-1072-4762-82e7-eaa149bb5c0f
d1760fa4-e41f-4edc-a4c5-ba64de471fbb,3364b648-c4f7-4b4d-a1c9-028946e9c507
5a685a04-a594-4e03-a8f7-448ee582b635,6040e974-f6bd-4d09-83fa-5a4f8d212b7c
3876f2c1-8d50-44f6-bdc0-9a50702b8135,6aad6311-3a05-479a-abfd-9aee4064a6d5
d4cba198-2a56-4e3b-9a3d-a16813daf34f,84c7dd59-f0bd-40e9-832a-df2c42ecf0aa
281f8076-094e-427b-874d-3c98367f6de5,1bee83f0-bbdf-42aa-92c6-001a13afbce2
e6e29f8e-bc11-4281-8025-3c829e551edd,b03d2cf2-234c-4e82-a6be-17d077f2a586
daf72ecf-85de-4e19-aa60-1b484383a48c,f25cfc09-66f0-4d4f-be92-1edb8bb6d59f
28c2df0b-9735-4546-b18d-775b6c0f9183,1e76299b-ac67-4d15-a169-939dec7e173d
6e98f9b0-bad6-471e-a244-7e0709f7896d,3e2ad610-f034-4b68-b5fc-d5725a0ccdac
3bdcb3f7-5938-44c7-ba77-970ee4d6ee1a,a7fac848-0f9b-4661-8d53-e88125a53507
51cd3aa5-effa-48b0-b21c-e09cdf972618,8862dab3-29f6-4b55-83ec-baa2ca67d18d
56e15c20-c7df-4816-8d9a-00a3ce1ef610,d41e075e-81ac-4a8d-a497-333556157bc1
2dfce54b-f632-4e38-ac10-67cff0822b0d,3522f277-70aa-45e7-9d29-1a70ecc200f3
1f029aeb-ad6f-4615-b241-2b54c3ca64fa,b1a1da85-f4e0-462f-b510-5e14d3e7ba80
463855ce-7bfa-4b5c-8581-6839aae2e8b1,c4f41881-3a79-4641-a7cf-729dfa47627d
99e6bb08-9012-49f5-9306-a348be8a4eff,b09e5221-4063-48ba-918b-b4dbe9df1203
949d4d8c-0b1a-4d68-bfba-643756500afd,d03542a8-d250-441b-b70e-0f13f1ab6fc9
7f3d0f2e-053b-4f9c-9b87-0d86b2ec91dd,e593de64-fb5a-43c9-91e0-78a064ada9f9
eb13cf9a-8b8c-46bd-a634-8498d3afd675,8f1b9e40-64ee-4351-b20c-d5c153507047
0ecbe14d-7452-41de-9ebf-8beb78bcec4d,a839118b-8f42-4b0b-ae84-fc3d78f4ac78
d1dbac2d-51e0-45ce-8bfb-eb80d0463f28,c426590d-ef96-4341-8afc-1933d7c56848
e4b2f232-c3fb-4f2b-8e6a-3e2796047aa6,c28f94f7-66c7-4e14-8f29-dde14a05b0d9
48bb4016-eb03-4107-8c02-e50a72fba677,de3c106a-8220-48de-a533-690d8c8a66fe
7088e2bf-27a9-4fcf-bd5a-d69383776bfe,0c644f37-01f9-42ec-a614-57706141e0bb
09686a93-12ac-482c-92a6-b8d61f03eefc,d925c759-450c-4a6d-8df1-ce894db546e4
2c518f59-b237-407b-be42-f22416c0cff5,c2bb7b49-4804-4dcf-9fc2-335a9d686c66
8a98d2d3-bb2d-44ed-b778-339de21c88d9,f636b8e6-bd83-4165-9f43-520adfdfdbb6
8a50ade4-3e4f-4915-b0ea-a60cbea4a63e,b8f9ce91-8832-42d5-aed5-d895083e2bcb
c9db1776-3ee3-462a-ab4a-2e5da0e36904,c147d381-e697-40bd-b47b-4f961f783c3e
b500c4e2-0896-45ef-b20f-10eca2bbaaf4,7b270b05-fd9f-4516-b105-a07be4a904e6
10096415-040b-45ce-8f6c-0b8fa8c6c34f,99238d93-e9ba-474d-890b-8188eceb9ef1
b1b36169-ea94-492e-afcc-753a931afabd,05de2684-66e1-4544-931d-4ec318e52868
e85b75bf-351f-4f37-9d9c-b98966bf557f,9620df44-2a1f-4786-bed7-437f6ee33dff
45f42b6d-358a-49ea-9a76-1d86314922fe,87de736f-4896-469b-9403-08ba1eec04fd
d6c3c69e-42be-4320-92f6-891d96c7f52d,7dc02eca-08a1-4e2e-a90a-bdfcc30391d4
97fd4f75-5cc5-4b65-a62b-10e7072c3a0b,06ea265f-e730-4abe-8f02-122ef3c76984
fea29de6-0e3a-4c95-a780-68b48a02ca44,eed26fee-155f-4892-bc54-0c6dd003986f
9e8032f0-62d8-493e-9863-c61be27572eb,3e1aaef9-8b9b-40ce-849e-d2f90444f59e
a3725b53-178f-44b9-a871-47bad9e13238,ab957d45-cfd3-488c-b290-3cc5d6a26276
1bc7378d-1af4-463f-a04d-226658976384,b165d71f-29e0-48a8-9d30-8487aa625e56
6c2a93af-8e68-49b1-bc26-95046d94df0c,20b101b5-360f-499d-969d-0c82db485c85
f474bb7f-d048-4cc3-b61e-4a72d6e24193,205b1da6-306a-4766-93d8-99e92c63a84a
5e075451-4547-4548-a315-baaeb2833cee,80688352-e500-4d9e-a0d7-fcfc3784662a
558bba05-c876-4855-a287-8fd77ccba50e,5ee40acb-92b9-4423-b658-164acfd52bd1
510aead2-4185-486b-a8ec-918ce42f806c,dd3afbd9-272f-44d6-b116-40e3ab6f39e3
1ae742e6-cd9b-4a9e-8bc9-bc9344565880,e7f0940d-6763-411a-9f0a-d9d24dc4c23b
a67b06a5-8e24-4753-a5f9-b078ba1329f6,217ec59c-1fe5-43ce-be04-33d760a5eb16
5eff7f6b-200e-431d-b27e-98d9e12842a1,c3bdae4a-b7e0-455e-9fcc-b3417e433b07
96c10eb1-9762-48c7-8e01-8984c77f5e5b,92ca2c21-a3d6-4668-a897-3e5a8a86d430
f9e6b974-10d4-4f31-837e-942df447b20d,39886f28-a68c-495f-a8d0-8b349e69f6ec
2c518f59-b237-407b-be42-f22416c0cff5,e5aef97f-5728-4e8a-bf87-392c699b4cf6
3b96c7d9-697d-4b7f-a2f4-954c67415a16,8ea40548-7b35-4d04-97a0-3b3a6fde6630
56e15c20-c7df-4816-8d9a-00a3ce1ef610,e6c120ef-3bb3-4fcf-8d52-b236927192b4
8e90e886-3542-4f8c-b081-4d550dd4c26c,72542005-5c37-4017-98e9-5b0adab96565
16e3fcba-abdd-472e-bddb-29be12d014ee,f0a4c93b-04aa-4801-9028-af85d27ca3ec
e92b2514-9fdd-48a7-9691-f47f32e1b41c,796973b4-30c7-46bb-8e53-18155063be54
67810900-17e0-4e6c-9d8b-4cdf6350d7b1,66ef0ab8-4493-4ef0-9068-0ae1d52eef30
c2e11f11-7fa1-4fdb-b7b8-94497e5e7aa6,da4b68e1-3302-4e7f-ac16-05dc7db1c993
873d673f-a608-4412-b9e3-af36e76a9b8d,de3c106a-8220-48de-a533-690d8c8a66fe
8fa6c974-7df0-4fc8-8c2c-fbea92216977,3e1aaef9-8b9b-40ce-849e-d2f90444f59e
43f7def6-bec9-4667-b6ec-664b8e7cbcab,237037e4-8ef7-4fc9-a5a4-983a3a6eba53
d41daee8-880d-4625-8b34-106cf8aeb0cd,0665d378-0374-48c4-9642-1c3a530ef472
cb486d2c-f8bb-42ec-b6f5-016ebb1d0aec,9c65dc78-2eee-46aa-862f-58412e35f6f4
80bd48ff-3e03-4ae4-9752-b88a26f76247,7490b612-51b4-4874-b376-f7ed4effbe70
06121407-445f-4c4a-80c3-d4cca604dcd2,947f67a1-5149-4518-a697-85db61cdad06
e1c58eb5-a214-4bb0-9145-6f4d6fc7f171,1a485de8-1ac9-4f83-b4d0-7cbff02b653d
3ef7ca5c-9feb-4908-a1f5-411d1c21b818,2d40a860-6b96-414b-bf91-5c75fe7bff56
4bfea83e-6634-44c2-a183-8eb3a8deced8,7bd37338-060b-4c19-a775-647f8acd2159
5dc45244-cf95-42e5-aee7-194f103480fe,f04ec5a0-bfe8-4fe3-9568-e03487bdb3e6
350e9293-1eac-4695-8e46-0ee4ee65e8d0,40863ea9-6c00-4f5b-a3fa-e1dfe65884b6
bda52735-3e69-46fb-a381-a4581e888f6c,279819a2-ce82-4927-aaf5-3ab3b370cad7
124301ec-c886-43ca-9e24-30b62f0e5716,c0b6b783-6a69-468b-8c97-9e191fec3f81
df763d11-e3f7-4bf5-b09a-cc0680310e47,6571428d-b491-4345-8fdc-783630df7d70
ae76c71f-2f11-4281-9622-f7a8639ea2d4,20e2cd66-2269-4e28-b5d3-e25adbb826f7
49ea2b4b-d07a-410e-88d7-c28d5f1340b6,8468a50d-ec40-4fc8-9871-56fd6b80a931
f7a69da7-91b2-4d98-8cb9-23974366f629,8013e9cc-9e27-4557-b8ca-60bf7a67b278
fe7283c0-a699-454b-84b5-8eae118d26e0,71831256-265e-4cf0-91c7-870667dfa7ee
1fdc729b-f1df-47d8-b8fe-f0126d335bc9,1c1696fb-c249-4b38-97ff-991d45d8a7d2
2817235f-cecc-47fc-8c8c-2b5250f75b04,911fc989-0f19-4730-9a7a-00fb40d0cfa0
b4bb48a6-d3e1-4a1f-b69b-d9aebd707471,e0eaf4b3-b6e7-42f9-becb-bc29982ec3b8
8bb2ec3d-4929-4133-8498-6391ef8be625,9ae4e063-0705-467c-9d65-e772248ae950
188b4191-5611-4502-b6f8-0671584e4f54,30ee5813-7990-46cb-a5e3-c57c3402846a
df3e46fb-0937-450b-800d-4aa7dc95b06f,d923835b-a7db-4b31-b363-14491c80bef2
286cfb4d-cf91-4f98-b65f-f86aa85b6c54,c48baa3d-5d8b-4176-985c-09692738e83f
d1dbac2d-51e0-45ce-8bfb-eb80d0463f28,4170a631-64fc-4a9e-86f6-5aad6796629a
6f42fd52-4a89-4c73-aae8-bf8341bdd5da,bca605ed-7000-4882-8a93-3c061521dc11
113356e9-bced-42d4-8647-3c695d71dbd0,bd5c96ae-5738-4af5-a936-7269f1fff0da
869d07f4-1d70-4f51-baee-56e56cf3e0d9,3159fa6f-fa26-4185-91be-c8e6ceb54ac3
6c2a93af-8e68-49b1-bc26-95046d94df0c,6dc72de8-9676-4f1c-9f61-562bc562e95a
f1a695d9-c6c2-4b4d-9f8c-01bc77c70d96,e968f142-920f-4f95-947f-122ed1ee4eed
dd81d9c3-df1a-4c25-b4b6-c4a39d0b271e,10be880a-b3b0-4c78-8298-8fc0f7b5e788
fc0f30d7-ac74-4446-b493-8c9fda9b32ff,92d7a9ec-2def-46ae-9a17-1b34d863a9e9
e4b89e6c-0ad3-43b7-b0cb-a9989ef840e1,8e4948de-578c-41b4-88b0-a54ce274b49f
53a9b08b-9044-49ec-9084-63000db157eb,747bb218-2241-4c1b-bafa-0239e8ff9489
9b2cbf46-d4c6-4b0d-880a-aeb1769e2b55,fd6e2174-bb99-4798-8c99-c32e9c2db053
13693f3b-ea0c-413f-8653-2650bc30a0ad,8fa86ef4-9482-4e3c-acf7-d0bc47365492
5e06a59f-8847-496e-9406-9f12481a62c7,97cd1a57-8a1a-485e-944e-2adfe8514ee5
d108389c-558b-4cb7-83a3-6020e5f821ad,683f68b5-c024-4481-a451-bd2170e2d599
398467d3-3419-42e3-925f-790341481f2d,e2684138-c1dc-4669-b514-2698c43f84dd
5f547202-67bd-499b-b67d-67c94568cb9c,beeb5752-01b5-465e-963d-8e361dfbdb0f
8ebbce6d-3396-4e64-967b-afb2a1f0d196,bf448c0b-7532-40e5-a393-8aec92b1fbee
0bc022ac-6e6a-413b-80c0-a22eaa9bdb83,c0ef223c-00d6-4d66-abd5-ed4bc29f5e96
e5335fbb-9777-45ab-ab54-e86c57c13921,bc4ba62c-c2d0-4f56-a196-9b2949dfb81a
e7cd983b-9198-4507-abc2-1c8fffd335e7,ea2c2b6c-dbe8-48bc-bb71-74d193e3e833
bcaa97a9-3c24-47ea-912e-97de43bfc579,143bc433-f931-4bd0-a360-20788976dd60
89f06442-f39b-4f37-9509-c33a7349c683,16f10356-cd44-4afb-92bb-4646574f23f8
a6aa74a3-368c-4ae5-950d-bc755c433957,0f5b1a0f-98a3-4290-b8aa-8e2419b43392
f5c8ddba-3d8d-4745-af53-bfbcdb4e115f,b954dc22-d5f7-4baa-a886-de85e1f4da64
95e298db-5eae-4a0f-b7e2-0c6cef20f867,5ffe5efd-9dbe-4ded-8b35-b94d1264062e
c0cf513c-6d8b-4fa8-a526-d8e4f2167335,5f0dee2b-c446-464d-80dd-72282c053daa
ef4b5eb4-9c96-4bcc-97e0-c3e1c9173450,3e2d64b6-998f-4dde-ac6e-af3053a63262
e9b07fd4-0e23-4ed7-8956-3858408e0f92,009100f8-a1d4-48b0-aa21-d8a88c50ae5a
bd784daf-4876-4d05-adbc-57e1b42fcd09,8e5cd330-8366-4ab8-be05-da4263f7d5d9
4e2224d1-2fe4-4295-9066-699aea106ca8,d078ce0f-27c1-42f9-a5ac-c50cb40c1e55
65d58c77-23ee-4760-8324-f97582c943dc,8bb10608-ff25-45ca-b441-80e364b80375
ee4e6f98-4146-4261-9d10-e0497248c486,a5a3ae96-4e78-4722-bf48-151503b38ad8
b500c4e2-0896-45ef-b20f-10eca2bbaaf4,b3969b6a-d820-4caf-a4e9-35cc77fb372d
92d5fbc3-22cd-4988-be5b-3f78fc3e4b17,3c055ad2-1138-4c96-b040-1968be534577
e07cf3c0-1867-44ac-829a-a888fd4fef69,8e4948de-578c-41b4-88b0-a54ce274b49f
e21ee32e-443a-4af0-b20d-2dc1fa36e85c,f550f5fb-3138-43f9-9add-5cdf9d541432
a4191052-e7ee-4d19-b1db-e2b35d3853b6,fbb3e4e0-b6e4-4679-afbd-a60a329a0362
55e6d3bd-25af-4918-8d70-17e058e6cdbc,6f315fae-57fc-444f-b0d0-5245e32563f0
a6aa74a3-368c-4ae5-950d-bc755c433957,a8377cf2-a0aa-4a0c-93ed-ac84f8ee3130
35aab801-c3e7-4a5d-8d18-70f51d356137,a836ebcc-9ea9-4039-9c99-99c54ff4c2f0
2d6e3d98-95d4-4e0d-b715-3aa3db46b0da,c702e3f5-4297-4223-a4a5-fe5cbe5ce45d
ae76c71f-2f11-4281-9622-f7a8639ea2d4,c3bdae4a-b7e0-455e-9fcc-b3417e433b07
e2b86d8d-953f-4d24-9954-3ff55a794869,b165d71f-29e0-48a8-9d30-8487aa625e56
869d07f4-1d70-4f51-baee-56e56cf3e0d9,c677cc3a-aaf8-4e79-80bc-2366af112dc1
70c9ff8d-5094-4df6-92db-9455a790fc6c,990d8f6e-0170-466b-8aef-f1b771ba942e
f867f725-0dce-4917-a563-d3536a6834c5,702af47c-0267-429e-8a0a-544f83df9ba2
3da42aca-5976-472e-905c-22df6995c24f,dbd2250c-4ff5-48c1-8205-d74efa8581cb
ae76c71f-2f11-4281-9622-f7a8639ea2d4,7fd869a6-63f0-4f78-b03c-899da650a447
cdd5fdf8-98a7-443f-8092-2879b252e53d,f1d3760f-64ea-4b3e-aac3-940a2d0c41c8
e7bd2c1d-e00e-4e92-870d-d59a93d8fccd,eba5be48-983d-403a-b8cf-21603aa96cd0
f1a695d9-c6c2-4b4d-9f8c-01bc77c70d96,5dc7e0e8-cfd5-4bc9-8a64-bb70a2a18503
80468c7a-c9d9-4f38-87e9-792d406914e3,3bc53580-cb47-449d-9bf2-9a30b70a5bcc
f4cba9d8-edf0-4c12-a44b-646c20885f68,0147e426-90ef-46c0-a477-2cc4c79e72bd
56bc829f-c88d-4bf2-84e5-f9f14443e4b1,bbc48259-6b5f-4e55-9e43-71870e039a77
90f6f032-bfbf-4b5a-b531-fe02e08785fd,bc2aac24-476c-48a7-b1ce-d4b0c29cb7ae
bbb18837-eb06-4b4b-a09b-738ee845f9ff,ea6faa26-50d0-4464-97fd-8a7ad110c5e4
daf0fa53-ecca-422d-8f6e-5091e7e43205,3c4edceb-3778-4db7-b3f1-a18ea3cd622f
90789498-dad7-48c5-b782-952b7a332e2b,d0d2593f-e98d-4e60-a8f0-e28763152ab1
f867f725-0dce-4917-a563-d3536a6834c5,1eb70f89-e33b-437d-baaf-f3e52139c8a4
3be14c4a-5c79-488f-a449-c5dfb9a114a9,4f3f4eb9-0032-49a5-8b0d-95ab7eed6aa6
d81a8022-39b1-4a93-b440-eabc026bdf85,31ed401f-9091-4388-9875-b4959b792538
7088e2bf-27a9-4fcf-bd5a-d69383776bfe,681c3401-a134-45e0-ae0d-684ca3252a6e
a9f150d8-b951-4b43-b952-00c9e5d46228,acf82ee0-b8b6-44fe-a637-3814d078088f
c6311338-1e4c-416f-add8-558e539536c7,3c4457e0-805b-4b40-b557-14c1de0bca2d
7827a80d-a387-4195-9494-3ff97f3646aa,3e2d64b6-998f-4dde-ac6e-af3053a63262
5d1133f5-4c8c-4a90-8c67-04027f5d2df3,48e1ad19-9ab2-491b-9239-e7273bf9ecc9
48bb4016-eb03-4107-8c02-e50a72fba677,91ab67af-eb9a-4f5f-933b-6b95f55d83ac
dae32046-5fb0-441f-8209-36b2151dbcf4,51e99d63-44fd-413d-ab80-378fe867fcc0
8a7eeb2d-d188-46d5-b8e7-683f7b67f01e,8926ccb3-e031-4094-bba8-40aeb5757c85
405dd7e5-36c1-4631-b40c-b113cbe44acf,15d708c9-82ef-4c08-8225-94269bac4fff
1fdc729b-f1df-47d8-b8fe-f0126d335bc9,86ec26ac-319b-4440-aeaa-c055ac8a56ec
c7377906-3ccd-4000-8fe6-4ce35441fc15,7d6209da-4adf-4b99-8b3c-4fd9b437c142
bb86290c-43e9-41a6-a460-2ac5361a0bce,ac718df2-be88-4cc7-ad41-fb9bf1d6e8a3
7a309da6-11b8-460e-8a8c-84ca234ba947,e95eefdb-39f4-4fbc-8469-cb76354d769a
f9d4aa6f-63d4-41bd-9cb8-4b2c37d6b37e,8bebfc17-7ee5-493c-9494-23e5426175b5
a534987f-95b0-4321-8c67-4490826dea89,48e1ad19-9ab2-491b-9239-e7273bf9ecc9
f67c8aaa-bd87-4219-b9d6-114cc452c1c3,3e2d64b6-998f-4dde-ac6e-af3053a63262
69da6ae8-b270-40b7-b05d-dfbc1f69713f,8d28a8c1-3d90-4932-bff0-6d6aa61bc832
033a92c5-433c-4ac8-b1c5-2d480b17e100,951a72cb-1dbc-4c3f-8846-460381393486
173248d5-ec58-4463-ab17-3977ff109da7,45e2d651-272b-4581-9558-4094e3283960
eced7cc0-95c7-486b-825e-d6cc451c5b37,c2319432-97e6-4caf-9a7d-31f66e5c6179
f2a0830e-5360-4115-8110-654b8bc428e8,c16adf3f-b717-445c-a8bb-d680413b3569
94e19a08-f7cb-46a5-ace4-b262e6a13f21,95ca3869-31c5-4df8-9cc2-05134562d24e
2d5c0d9c-b3da-423e-be2b-b73059c70061,7b340fe6-0caf-4afc-b4f0-7fd4b7ab4d61
8eaf2f9e-9f54-4d17-a353-3601e954ac89,de3c106a-8220-48de-a533-690d8c8a66fe
a5a88729-31f2-430f-bcba-0a76801dd5c2,62588e2b-9732-45a7-ab04-7e2b03f3d4fe
e6a9f57a-f0fd-4c53-b137-48b6e4d3b634,84b7e9a3-b0e4-47e5-b722-6a6171d0b9c8
3c1ad5df-a2c3-4a54-b10e-f4c8c4a51ad3,6873e884-c2a3-4105-8f7d-3cb10262a610
f10b1863-12f7-4b88-a767-e97e2e94f904,2cc3a4f6-1f92-45de-b83f-54b647a03030
a575208c-78c0-4242-9ec2-74b0efacf896,afef1a7c-edb0-4d48-9765-a29167dc7c0a
f8dbbf23-5bb1-489e-8a49-ca506af0be44,5441d6f6-4c29-4e3d-b02b-6da6a0ea4d47
43cd2c1d-5727-4d5c-99a9-3c4514490e04,2a7f1a45-d136-4c8b-932a-ab33c3e9e206
546eaf39-3871-463e-81c1-e2a0c4f41fbc,347417b0-cfa1-4173-b5b3-a7b535a59684
7398a705-5448-42c7-bc3f-c67f836e73f8,89e3dc28-1fd5-4c7e-b104-a95a92a65300
d2824f2b-93c3-4a5b-8eb1-87ba91b2d992,2ba9a01a-091f-4665-921a-3976661d31d2
72b3b37e-9b1b-47fd-9378-414f0e0909dd,1e8a04ef-da32-4919-b2dd-b9de7db84fb5
79e97374-782a-4138-a733-b25ae06c5659,488d098f-6e3c-4695-8c65-a9a88a4dbc28
78d39df5-7508-4c9d-a8e6-1680c0413da8,2461c00d-9dfb-4237-922a-ecc82634931d
2b410775-fac1-45d3-82a5-bf0d3a9d2904,1eb70f89-e33b-437d-baaf-f3e52139c8a4
a8b7b23b-d502-46fa-8445-92c696fa503d,72542005-5c37-4017-98e9-5b0adab96565
3bc9eb6d-01bd-4aec-a48c-00b102f6a91f,3c4edceb-3778-4db7-b3f1-a18ea3cd622f
8fa6c974-7df0-4fc8-8c2c-fbea92216977,7f945aa6-9b00-47d6-9c44-cfb90683d6a4
631ad8b7-2326-4c7f-ab44-93ef7ad7ed35,bf9306d5-6266-4fb1-a136-016fa3b92d9c
e34a16e1-5efa-4a4e-b429-21ab574ff721,4fe6d664-c880-4c2a-9b7b-19dc210117bf
381a2280-2076-4117-9b4d-8d0f555f2c65,b523e32e-b993-47ba-ab0b-b416232f9ae3
405dd7e5-36c1-4631-b40c-b113cbe44acf,3f0034ea-07da-44d4-ae1f-8e2acd5950d9
8a73867e-50ea-4947-afbc-e73665675d0f,8dd300e6-01ab-4aa9-860c-7e64684959e7
70c9ff8d-5094-4df6-92db-9455a790fc6c,951a72cb-1dbc-4c3f-8846-460381393486
db2a3b00-e9a4-459f-8036-d58ca84eb0e2,ac30806e-3468-40d3-931f-b802f992ddfe
d1c4b38c-ef89-4536-b5a2-5381522aeb3d,5dab0772-125b-480e-8ded-7ec12d3391c5
8a7eeb2d-d188-46d5-b8e7-683f7b67f01e,a5a3ae96-4e78-4722-bf48-151503b38ad8
af3bccd7-a285-4e63-9808-cef5ed68d408,01fd060c-b09d-4361-b874-12706ed3efcc
466cab2a-1b18-4086-aa3d-d40dea77fb46,2655459f-f800-47a4-9978-8231515f7b70
0c4f53b2-ef8c-4024-b2ef-6d764e271263,217ec59c-1fe5-43ce-be04-33d760a5eb16
6827c63e-1733-4807-9203-870f0ccef55c,d6f56eec-4c58-4022-80ab-9eb3aed5b92e
b2c967b6-614b-4447-89d1-f242b63a8ba2,739d19e1-d217-48f0-ac90-64f14919b049
1612aced-3664-44ba-a871-1d5db54affef,f41599c7-0d83-48b1-9a0b-9e97fe57d006
40bb9a2d-5ef2-4f2d-914d-2fa450165d10,e9c642d7-216a-4a48-964b-259487d25dbc
44bab5bc-9a18-472d-9ec0-ddbaa1edd7a7,bfa16b90-7874-4650-bf3f-7bb70b67038f
510aead2-4185-486b-a8ec-918ce42f806c,347acc5f-57ee-46a9-8093-2c81c65fa1f9
d1d1c53e-0542-482c-b401-65b1f7cbbdef,1bfb48da-ab48-4479-aece-ebf9e9fe29a7
97a54974-6ec5-434d-aec3-57284ac0dac3,5f0dee2b-c446-464d-80dd-72282c053daa
1612aced-3664-44ba-a871-1d5db54affef,cff2cd5e-8fe9-4944-8b95-49b7b4648bf6
de9d6d2a-dceb-4240-8e92-9a5c25e7501d,62588e2b-9732-45a7-ab04-7e2b03f3d4fe
7fd0a62d-2ab7-41a4-8ea3-61ede8a7f922,5ee40acb-92b9-4423-b658-164acfd52bd1
f53200b0-4d29-4bdb-b772-82d46f1486fe,15d708c9-82ef-4c08-8225-94269bac4fff
db9045f0-951e-4109-b16f-e2d2c3caba79,cb095ad7-723b-49f3-bd32-6ca8fad8ecbc
b8a3af3d-df0f-42f9-9a30-ec26a4fd35c3,7490b612-51b4-4874-b376-f7ed4effbe70
2ea4dfcd-0cff-420d-9bd9-6882188a4c20,12ebf9f5-eb59-485c-9ec7-16c3a69a2af4
c004f72d-03d2-4430-b729-e9985759c331,fe2e452f-7959-450f-900d-b93f317449f3
f8dbbf23-5bb1-489e-8a49-ca506af0be44,3eecc76f-29c2-4698-aa4a-8eab617eda10
68ec6609-c3a2-4201-b1ff-68a583c90728,459d2a20-e857-4a29-afa2-fc0bcd3af996
3e7341f4-5977-4599-9db2-434fdb49c70e,6cb197bb-2d6b-48dd-83e2-9b5ec032b94b
52a3becf-4780-44ba-8c32-19760ad88937,a4166667-304e-4e8d-aa41-015602b921de
11bc4bc9-4e64-410c-8685-3e15bb5faa2d,b3969b6a-d820-4caf-a4e9-35cc77fb372d
7d615eed-4b8d-4379-bff9-86fc4c2dd194,79e0216f-2acc-43e1-9dbb-6497c5d60220
d6b69b82-f25b-4c1b-8de6-096ee9be514c,94110c9d-a350-4f5e-b0f0-f9c2d894198d
7ddcabb3-6c6f-42e9-95c5-0a7db727d68f,3615e88b-4356-4648-93da-f0e8b48717fd
86864f3c-12d0-4d01-b73c-90d19a540587,30e2ce56-7793-45fd-bde9-c735b6f75f2a
750671c8-3036-41c8-b6f3-191ce4ea739f,ecffb16c-482e-437f-9c2f-0169684943ae
fff0c053-7617-455e-8b7b-6188c2ee820f,f44c9d4a-8176-4bd6-ae09-b155b4386d60
436fe940-2f80-45b1-87fe-3a6db6c44c41,b74250a3-c200-45d2-ad5d-2b4102269f5b
949d4d8c-0b1a-4d68-bfba-643756500afd,1f8a1e12-9a3e-4d2c-9940-46e4f80187a0
4f1a0363-5c58-4588-bcbe-61c78fb40a22,4010d282-46f5-4b89-9aee-bd2cc7a03529
0f042e36-605e-4b32-a659-5a1014b149ca,61c7da4b-4fde-49df-868a-3a72b891d09a
778487bb-ecd2-41e8-8e83-99cb25593e6d,4fd9f34a-61dc-49ae-9b75-e572db06d4f4
f3e9b6fd-0881-49c7-a58d-afc5bc6ccc87,8512d945-c28d-484e-ad00-689ec9dd20e5
82edf600-6d9c-4dfa-b3da-3bb5d8b52f05,b855cd87-f12d-46a8-84ee-47d33e00aac4
9c660854-3642-4aa1-b4da-12bf31bf7729,92408005-9146-42af-b12a-e2a0d3a98fc1
95e298db-5eae-4a0f-b7e2-0c6cef20f867,8855c003-ef5d-40ac-a967-0218c19084e3
869d07f4-1d70-4f51-baee-56e56cf3e0d9,02b70119-6a9e-48bb-8d08-053f9b6f1725
e11bebde-3d0a-4315-b6b9-1868c1e9be51,6cdfa6dc-0478-4ed7-b7d1-48dae689bf52
99d03a79-5131-4e30-a59f-148ecd58b44a,54b74714-f982-4664-8ea9-0a7b9c94bb1a
a928dd89-dcb8-4ea1-b00d-f380181a4d0f,917cd0b8-841d-4ec0-a881-cd6d737e1cdf
929f5f2b-71e0-4dfe-b228-7cb3441d3364,20b101b5-360f-499d-969d-0c82db485c85
0d3d0314-db5b-4bb2-a0e0-777c62c98362,a8039689-71b3-419a-b1cb-e5b72e7b4703
260226c1-5b62-4471-aff1-003fa58dfdeb,91d91ee5-f03a-4ac5-a4b1-67bb5e2d7ea1
43958b11-ef09-46f2-b786-522455c12ce3,dfb8bac2-2e31-4568-a557-d22f983fc5e1
495779ed-d154-4ecf-b3ea-a3b3a01b9024,d69e7201-0e53-41a8-86da-ba9682220e0b
a67b06a5-8e24-4753-a5f9-b078ba1329f6,2ba7800b-8d74-43ab-8ada-79c7b392d848
11bc4bc9-4e64-410c-8685-3e15bb5faa2d,a836ebcc-9ea9-4039-9c99-99c54ff4c2f0
6aebbafc-c56c-44c1-9bfe-52c04317696a,b20ad8aa-a142-4424-9f6d-c1897994eaf6
af4aeb27-fb0b-4903-afca-2fc77345a8af,807e68c6-47a8-4314-a19a-92f25f40a5ef
b2445d02-df08-4894-b509-6fde7b46741a,28ffb690-907f-45a6-9052-0c357bc2aa15
1612aced-3664-44ba-a871-1d5db54affef,21812964-25ce-4271-a206-f26395ca5435
ae76c71f-2f11-4281-9622-f7a8639ea2d4,e6b38055-b772-473e-8e89-50bc30102c0b
8c448e70-a7af-4208-92f5-9f404932e0dc,7b472056-7023-4687-8642-0134fcd87a65
b500c4e2-0896-45ef-b20f-10eca2bbaaf4,ff6d1593-bd30-44b4-8275-cffc3667b7ff
e14714e6-cfaa-41d9-9fdc-d6575bc1d927,89e3dc28-1fd5-4c7e-b104-a95a92a65300
68ec6609-c3a2-4201-b1ff-68a583c90728,96c0d86c-36c2-4b6f-9da0-d16f39ebf7db
1aa2f75b-0173-420c-8467-b0c1c1976e5e,f0315e4e-292a-460d-8f54-feede2ef0790
e89190ff-8e01-4997-850d-04a068c6efec,d7dae792-d5e1-4a9d-b25c-d890577be50c
ca7d71b4-e5ab-47b3-a4e6-a199ede70077,5ffe5efd-9dbe-4ded-8b35-b94d1264062e
92053182-fc93-494c-9722-5c8eb5a76b27,aad2352e-7caa-4c70-8e22-ad98c4ab49de
630d4f43-da66-42f6-b913-a4522640797e,18013d63-d1f4-406f-8915-0ec7fbebd895
767de533-f0d6-4e65-874f-947f142d2dae,613042c1-8ce2-4a72-98d1-e69f92f7f9b5
40782fd6-4850-4ae8-9235-a27e825cb533,74b248df-05c3-4bc5-833f-a93ccf18d965
198d275b-991e-4b73-9d70-422e348d4b2d,89d7c06f-60ee-41e3-8b43-d580be5059bb
6596428f-af0d-4bbe-8c83-e732933344ef,90ca2fea-8dcd-4dbe-876c-d0ee8704dafc
6411e065-a14e-4f08-b23d-a2e467869149,260e91bf-d91e-464d-91b9-501c5e5ca762
a928dd89-dcb8-4ea1-b00d-f380181a4d0f,dbd2250c-4ff5-48c1-8205-d74efa8581cb
630fba9a-cd1f-45e7-b4cb-7a43c35d7d04,305d7e96-d793-4b6f-99b9-82fb51c198a2
dd6258fc-88e0-434c-9e51-3057dcd641d6,93c45705-f164-496a-b333-9829580995a1
cf5529bd-5eca-42b5-a365-0696177a9cec,9343419f-d6c7-4c0d-a9eb-8e02c6f9fd12
f72473ae-faac-4dd1-8953-4cecb127fe03,dd577d7b-0fb4-486f-b116-1a50ca2ed080
e4b89e6c-0ad3-43b7-b0cb-a9989ef840e1,a17a5d1c-8eb3-4915-ab54-8263c300d2c8
c8ff1342-3836-427c-a143-ee815b577876,2fa7479c-fc7f-4bca-ae1a-16130f614d23
68ec6609-c3a2-4201-b1ff-68a583c90728,ff79d3c3-5f84-470f-9dcd-8cd1f5de8c0f
53e1cce1-a68b-403b-a551-55868361ae68,b4fde112-b02a-4de9-b39b-54231e5df730
db9045f0-951e-4109-b16f-e2d2c3caba79,abd3dcbf-ab24-48cc-a325-527970614834
d9dd3b0f-96b4-4952-be9a-b68c6b449f8e,917cd0b8-841d-4ec0-a881-cd6d737e1cdf
7c10bc01-10ad-4d08-86c7-f915ec467b02,5c109b44-c007-4fe5-8494-1250a2e5c8bb
693da22e-4b27-4ba0-a093-51393b8d9b2a,a90f7084-ebdb-4b1a-b8df-f89d70596979
89f06442-f39b-4f37-9509-c33a7349c683,86ec26ac-319b-4440-aeaa-c055ac8a56ec
f3e9b6fd-0881-49c7-a58d-afc5bc6ccc87,83eaf7a7-4921-45ab-883b-8dfd683999ee
92f58537-f4e8-4f36-ada3-64f69f810000,bc2aac24-476c-48a7-b1ce-d4b0c29cb7ae
5853d03b-4f25-4435-9230-122d67a7760c,91245794-e3f2-4b4b-805d-adc1cf754ac8
fe46e126-036e-4c68-ba14-256b983566e9,5bbd74e1-a79d-4a80-ac25-69188a2f6fe8
cc21b3e7-4e89-42eb-830e-030e13d913d2,e87d567a-0d08-4a22-906d-fafc15ca2dab
f3db764f-2509-449e-a51a-4bf5c14ea85b,3c4457e0-805b-4b40-b557-14c1de0bca2d
05560e12-b86c-4a32-a30c-238eb018f93a,7f945aa6-9b00-47d6-9c44-cfb90683d6a4
173248d5-ec58-4463-ab17-3977ff109da7,46c5582b-b39f-4263-8ebf-011fc5f489ca
578fb1cf-1989-457d-b00c-2d5d9ce96f1d,1dabd03d-c620-4882-be39-45a5715ff5d9
20b2c345-9bf2-4536-88e9-4d7bb70cf0b0,105d6718-221a-49f5-813e-b712680b7d7e
1612aced-3664-44ba-a871-1d5db54affef,071691ae-8fd1-4d13-a851-a4ea6e67967b
d2d3545a-41c3-4590-b8fa-75e08fe4147c,d6b3d17b-9b13-4010-b613-3fa2ab31e385
c91cbd15-f682-448e-8b93-cd44d1511340,3af31f1c-4c28-4c01-b456-79c97237d4a4
4a2b41d0-07d0-45ab-965a-82ed7f5d8030,bf8a0e78-4cbe-4ce1-89de-0246f5d1e874
6c175b46-91b9-45c1-9e85-36de2fd78c4a,92d7a9ec-2def-46ae-9a17-1b34d863a9e9
b9e82b80-c250-4060-9011-4bb942d34d85,0e8f3016-5d82-4823-b0bd-2b0867c15269
1cfa5d9c-1865-4502-8171-238b2887481d,4162ac31-75ae-4b95-8429-6e55b7460bae
80bd48ff-3e03-4ae4-9752-b88a26f76247,808d7f62-6b5a-40d8-805f-6c5b90a4deb7
b81900b0-6808-40cb-9a31-201907c70835,b667189b-82ee-4db2-8137-50b7806fdb77
8caffb1c-b791-42cc-89dc-e86b0bcf5c53,42889d0f-0992-4e03-9d27-bab9e92d4c2d
40bb9a2d-5ef2-4f2d-914d-2fa450165d10,4f9c2583-83d1-4beb-9570-d69f224ef6d6
86864f3c-12d0-4d01-b73c-90d19a540587,1a5a8cdc-411c-424d-bb73-24f066b5fe53
de93b0e6-5abb-4164-962b-340700ded49f,24ad4502-21db-451a-9073-e841bbdf6dd9
5eff7f6b-200e-431d-b27e-98d9e12842a1,c0b6b783-6a69-468b-8c97-9e191fec3f81
e4bce5f0-7a01-4581-aac6-0043a76aa443,4be53aa9-8977-4a5d-9aeb-6ab9a634545e
1151428e-fcb6-4f5d-929b-8d7044359b64,f1d3760f-64ea-4b3e-aac3-940a2d0c41c8
aacbbd8e-1042-4427-9805-da805040a9b5,e225c6e0-247a-4fd4-882c-982717afa310
b33bcc96-1f60-49d1-8377-fa2706b06993,d925c759-450c-4a6d-8df1-ce894db546e4
31f8aafa-c0eb-49c5-9b3f-8a78bcce5bb3,a38cf053-680a-47ea-a362-cbe7cebcf306
f446a8e1-62c6-4f03-8dc1-73b1a24ab938,a567de72-c08e-4ba2-a11e-58297ab1da45
ec277ea3-143e-49eb-b272-45e3b95206dc,612d97c3-eb60-4765-9b0d-082cfdcb9e51
df51d9f7-da8a-4ac7-88d3-557bb1cba2c6,8013e9cc-9e27-4557-b8ca-60bf7a67b278
959884e9-7460-48d8-8ad8-75610d8b18ac,3e2d64b6-998f-4dde-ac6e-af3053a63262
281f8076-094e-427b-874d-3c98367f6de5,7b472056-7023-4687-8642-0134fcd87a65
70b12e14-a027-45ac-bb2a-5df7fa79db8e,e87d567a-0d08-4a22-906d-fafc15ca2dab
7a1db5c7-c69d-4a7e-9456-c492e01396e3,bf9d9e59-3e70-4384-8dce-77b8381e4bca
5e9950b0-e572-4d05-8af7-67c9968cfb44,520848dd-d661-430c-bb21-c1e79e901c34
c478a664-12c4-4a2e-a0b1-04b373f21643,a3823929-84de-414a-8690-7bf0992bb25b
2a93c663-bbda-4ff7-a84d-3998abef67c4,5f80491f-a517-42ea-abe6-66dda39f8baa
79e97374-782a-4138-a733-b25ae06c5659,b84caf29-4437-4578-bb24-0bbf74bbfc91
92f2b4ec-8a85-4d71-accc-87e4dcf3abaf,4e84d73a-dda3-4184-8ba6-c873c0f0c38f
37e00a80-9d51-4d3c-a097-ba49e50e7f49,4c52dd6d-2a6a-4610-9d87-b378aef6c2a4
436fe940-2f80-45b1-87fe-3a6db6c44c41,1a1980c3-0082-47ad-872f-a4d0c51e1a80
d9dd3b0f-96b4-4952-be9a-b68c6b449f8e,392123a5-516f-447d-a3cc-1e494847f8fa
e89190ff-8e01-4997-850d-04a068c6efec,c4f41881-3a79-4641-a7cf-729dfa47627d
f5f50279-d1dd-46b4-a1d8-40befeaf7317,e807ed34-369a-49e4-8fab-ee45c6957c1a
8eaf2f9e-9f54-4d17-a353-3601e954ac89,6cdfa6dc-0478-4ed7-b7d1-48dae689bf52
aede39a4-4dcb-4963-a9c8-ee887de93769,0147e426-90ef-46c0-a477-2cc4c79e72bd
461c2020-7e1b-4876-b245-625cb9216f3d,81bc828c-a1ed-4ccc-8c30-129a681945fa
6b67955c-94f6-4859-9856-d137c8d6d662,68fc371f-26ee-47db-9ce0-49989f293aea
5eb8cdb0-1252-48b4-8161-56aade36cf8f,dd785d7c-40b8-4d24-9a8f-88c5a433986a
30c0b957-7363-4ada-b84f-48ece691291d,bd290861-b0b6-44c5-91e4-2c37448ccae0
a4fe6cfb-c66a-4c32-acfc-9e0e9b5cafe0,51d1fdb6-82a4-4d66-955b-a353ad6b55b8
85303337-883d-44d8-b638-311207f8e287,62ddb14f-2a5b-4563-b9ca-16cb792e8b3c
0cac879f-a1f4-4f44-94e8-7269dc82f84b,d9567e67-899c-4d04-b47a-2af5a32ed9e7
3d96d353-87eb-4be5-98df-e7ecaa0a7bb0,1896358c-5916-4f4f-b1ec-10db728ea5cf
b1b36169-ea94-492e-afcc-753a931afabd,79e0216f-2acc-43e1-9dbb-6497c5d60220
a9977458-6927-4f61-810a-3c4c537ca3c0,b84caf29-4437-4578-bb24-0bbf74bbfc91
52a3becf-4780-44ba-8c32-19760ad88937,459d2a20-e857-4a29-afa2-fc0bcd3af996
d2d3545a-41c3-4590-b8fa-75e08fe4147c,683d486c-83d8-4729-89ac-c1eb93522303
34c9d949-9bc6-4daa-9ad0-be4a584e850f,b7b4a888-3001-4065-a072-506b605409d9
4b473090-632a-402c-bff2-ee8bf3030699,dcd7a01b-1cde-4cac-91c2-ff2f385fb2f6
71c8d607-01c1-454a-a45d-e95bcb509cc3,6f21ee78-eb85-4627-a9be-39fd3642459f
c7f38cf2-983b-424c-972b-428892d3dac0,c330bd9d-07e3-4548-a830-c4a595aba834
0c4f53b2-ef8c-4024-b2ef-6d764e271263,759b5497-c405-419b-b3b2-35aee3761c31
381a2280-2076-4117-9b4d-8d0f555f2c65,2a8400be-d918-413f-ae79-110a0b8dbded
7ae24ce8-0ff4-4b9f-aa60-f7a7188a7755,7bd37338-060b-4c19-a775-647f8acd2159
8e90e886-3542-4f8c-b081-4d550dd4c26c,92d7a9ec-2def-46ae-9a17-1b34d863a9e9
8096a40b-c8d0-4e5b-a626-bdde3e4b11f4,3c4457e0-805b-4b40-b557-14c1de0bca2d
440835d1-fcff-4542-a084-82476c73fa1e,f2a54bd6-d399-41e7-ade1-29fd6f265c59
6a3e423d-6a77-4440-8653-1597562684a8,7f036992-af9a-478f-97bc-442d1c2b360f
45f42b6d-358a-49ea-9a76-1d86314922fe,681c3401-a134-45e0-ae0d-684ca3252a6e
87a36e2b-eb9a-4282-b83f-3b52f7b43173,f1c3020e-520b-4a45-a9cf-6dee27ef0427
4deef63d-f0b2-4b8d-977e-85fccea08870,7ab2bd1a-ff77-4f66-a5e6-0ea95a83fef4
578fb1cf-1989-457d-b00c-2d5d9ce96f1d,2e9a4a1d-65f2-4521-844c-514ec990cc43
e5842701-f214-4975-b375-d05bab44fc74,cc0b5712-5efe-4bc5-84a7-c8860e6fe891
51c8737a-02b5-4f26-a56e-948640f3ad86,3dae2bcc-95ef-40af-8ff3-4dd726e51079
b6f19bcf-3261-4ae8-a357-039bced3c610,7789fc5d-b1a2-4cb1-8c9b-7a80cd7e0caa
f10b1863-12f7-4b88-a767-e97e2e94f904,7bd37338-060b-4c19-a775-647f8acd2159
0335ada2-aac1-45af-9c3a-2b4dc471d7b7,6571428d-b491-4345-8fdc-783630df7d70
acc4a076-5302-4dd9-97f9-1a0c9205fe15,1e76299b-ac67-4d15-a169-939dec7e173d
671d4a50-c321-4d4c-a46a-6a92f22babf2,14a78b67-2082-40f5-8fc2-a65724aeedbd
e1719471-a938-4d3a-b0cf-11fc97202eb9,8f30bcb7-b238-4004-880a-17896c1ce6bc
d1760fa4-e41f-4edc-a4c5-ba64de471fbb,cb095ad7-723b-49f3-bd32-6ca8fad8ecbc
646c5a17-7bcc-4e52-9019-1c5b2d4e854b,4f274eb2-9d5c-419c-99c1-2d03ceacf858
50905d39-8b00-4238-a932-586d86ee32d2,18013d63-d1f4-406f-8915-0ec7fbebd895
bc1bacea-f084-4f86-b0af-0e8e5c037ad9,7e364f74-adbd-4445-bfc3-8c49a7a33389
3a86fe0c-32b8-4b16-9502-b73e0e48837e,dc4c9c21-8369-40c3-8e4e-56b21c831138
5eff7f6b-200e-431d-b27e-98d9e12842a1,d923835b-a7db-4b31-b363-14491c80bef2
fe46e126-036e-4c68-ba14-256b983566e9,fed766d9-c219-4e1e-a980-f973b7871e85
d7a05e76-4ae9-4422-bc53-a940976db645,4c52dd6d-2a6a-4610-9d87-b378aef6c2a4
577c5ba5-b3aa-43f3-bfd3-c4f0e2fca6aa,7766da9f-f975-4bff-af98-b2d890509eab
7ddcabb3-6c6f-42e9-95c5-0a7db727d68f,5189b97b-b843-4753-813b-60f22d343e1e
cdaf1971-d484-495d-95d8-0c5521d2c233,2492ec98-5ab7-4bb0-8cc3-3a6591a88cc8
0b6ecb70-326a-41a0-b923-90f3751a568a,d657abf8-ebbc-4de2-a54b-c9def9c9c67b
3bea8860-cf9b-4800-8249-63f24716b491,1da459bd-ec27-42e6-9a3e-055ee5755316
0ce10fed-ab4f-4901-af7a-5e0765c3d499,a1222340-6d66-4eb6-8705-5013abb4c199
aafe2c4d-fb71-4b05-89c7-487e08ce34b2,b94b811e-cf5f-44dc-b031-b8529f33c842
869d07f4-1d70-4f51-baee-56e56cf3e0d9,14172069-d436-4c25-acb0-364d1a69043a
510aead2-4185-486b-a8ec-918ce42f806c,4977d885-a558-44ab-82c7-6446d90a0998
f8afdc1a-24c4-406e-be25-f7b69fc73faf,540db5bc-4aea-41ee-86b1-64aade107435
20b2c345-9bf2-4536-88e9-4d7bb70cf0b0,8c60f520-5feb-42e9-85b5-4e4053642973
381a2280-2076-4117-9b4d-8d0f555f2c65,b8d61b8b-2648-43f7-a4af-8bd7cb414eb2
09455807-cec4-4745-af00-54bb7b964c50,9f52cab9-113e-4fdf-96e0-da437683800c
d6ee1a43-b496-45f2-8cfc-73195b064e35,816858f7-2f58-4590-bb71-875659216cf2
e2b86d8d-953f-4d24-9954-3ff55a794869,79e0216f-2acc-43e1-9dbb-6497c5d60220
c672d841-2149-4015-a77f-2e4d0cc3e6f7,cb095ad7-723b-49f3-bd32-6ca8fad8ecbc
beabe3f4-eb19-447f-9213-a23fb438bccb,3867bd76-8e02-4932-af9e-f68df462c61a
e7eddf85-c51b-44b1-9e93-a09d4b7d1502,2f569288-245a-45af-b4ba-8bd2d87c9513
4deef63d-f0b2-4b8d-977e-85fccea08870,a38e4e7e-8ab7-4a75-ae5c-cc181f51451b
d1ccb9d3-3de6-4e37-8091-dcb0107bf457,7490b612-51b4-4874-b376-f7ed4effbe70
af2b8226-9b62-4d67-a9d4-7379f2333937,b327b5c5-7a7c-444b-ae7d-fe5bfcfce374
d9be9d98-30b1-4a7f-94da-eb29f7e11fa5,edc546a5-f65e-4cc4-85f4-93be5e605fb9
a928dd89-dcb8-4ea1-b00d-f380181a4d0f,40863ea9-6c00-4f5b-a3fa-e1dfe65884b6
17de2aef-cf12-4aa3-8e2a-3610f2ca04ae,6471268a-bf74-43fb-9872-15d290726b80
58891a7f-774f-4127-9297-9af32520183b,292cc74d-290b-4776-a572-5d00e1f5e38a
e02561d6-9787-4777-8fc5-cb9c25afe53e,e3fb8c2d-bef5-41c7-be49-0b17c58cf80a
37c13e0f-b86d-45e2-8569-89c3c3652f53,dbd2250c-4ff5-48c1-8205-d74efa8581cb
1a94c3d3-e789-4e69-89cc-5ab95e0cdc51,b1a1da85-f4e0-462f-b510-5e14d3e7ba80
03f1bd24-5d6f-4c85-ab3b-e79d2ac8d08a,1825142e-d56f-4820-9db2-b733c51118bf
7398a705-5448-42c7-bc3f-c67f836e73f8,3c4457e0-805b-4b40-b557-14c1de0bca2d
577f6f4d-b0eb-4103-872d-6e872470152c,6040e974-f6bd-4d09-83fa-5a4f8d212b7c
05560e12-b86c-4a32-a30c-238eb018f93a,a5545011-268c-427a-b035-be6ffc1dad7c
6e98f9b0-bad6-471e-a244-7e0709f7896d,4010d282-46f5-4b89-9aee-bd2cc7a03529
a534987f-95b0-4321-8c67-4490826dea89,b0b122b6-17e6-4b45-8d41-e7f017a42ff7
ba94686b-56fa-4dac-8b01-6b5fe2644177,57108fac-9706-4ea4-9a00-ecd4f09c62c7
a9f150d8-b951-4b43-b952-00c9e5d46228,365c6afc-4bc9-4e8d-84f4-5b4cdc0f9a1c
d2d3545a-41c3-4590-b8fa-75e08fe4147c,a39006cd-157a-4575-859d-fb5e34b93218
f19418f7-38aa-480d-8174-10030edbf605,0ca45fe1-8487-4a12-b9d1-867fbaf56f58
9c6f885f-f497-48eb-812d-5046dadba590,f1b9d199-b137-4d9d-b81e-e12bb354db21
bcaa97a9-3c24-47ea-912e-97de43bfc579,4170a631-64fc-4a9e-86f6-5aad6796629a
d8b3826f-c2bc-4018-8f9c-8644177ed368,4ca33639-96b0-46bb-90b5-04452726d453
be561ba8-9ce7-4c05-8dd6-abc9713c96f3,009100f8-a1d4-48b0-aa21-d8a88c50ae5a
e5139a16-d941-4e04-bdde-996195227c88,0ecd941a-9c55-45ad-9d70-7f428ec9fe0e
463855ce-7bfa-4b5c-8581-6839aae2e8b1,947152dd-1d81-456f-b015-94f2f7baf90a
7c10bc01-10ad-4d08-86c7-f915ec467b02,fd1942db-081d-427d-8b88-e9806b45c2cb
09ddfc2f-8dfa-4b3e-8d6c-1f5f759a7cbd,533ddf57-85b2-44ef-960b-2cec1c9352c0
daf0fa53-ecca-422d-8f6e-5091e7e43205,0fafdaf9-07e8-4207-85c1-e459dc3c854c
28c2df0b-9735-4546-b18d-775b6c0f9183,c9e21b30-9a59-449d-949b-187eb134a4c7
552800dc-414b-4f4f-a507-dcb8e1a0eb9f,57beda69-221c-40d6-a93d-a6115f4623c8
49c58ce5-30e1-4d8c-805e-d4cdaae197db,becd1380-d284-4510-9d2f-e55e03678c9b
798b5ce4-49ad-42fe-9189-494b5a734ae4,9073de45-4fa5-439d-92d6-d391c3569c27
56bc829f-c88d-4bf2-84e5-f9f14443e4b1,9a8f81a4-3902-44a4-98d7-b69c545d4223
6db6819b-82f6-417d-a30d-53cef922ccdb,fd323460-dd14-4933-b9dc-632c658636b7
43f7def6-bec9-4667-b6ec-664b8e7cbcab,ea9bb63e-655a-4c30-883d-122771c3729d
27b5d72f-de65-4807-97b0-6d4819b50826,705452b8-0f83-44e2-94d2-58d607304746
229905c3-85fc-4c2d-b95c-9ffc087ffaad,8855c003-ef5d-40ac-a967-0218c19084e3
df763d11-e3f7-4bf5-b09a-cc0680310e47,30ee5813-7990-46cb-a5e3-c57c3402846a
0daa74b7-8f81-4e5e-b8b7-8c67f69b66f5,fc424911-25d2-4c08-93be-534add88ffef
e5842701-f214-4975-b375-d05bab44fc74,b523e32e-b993-47ba-ab0b-b416232f9ae3
17de2aef-cf12-4aa3-8e2a-3610f2ca04ae,77b212fd-3a24-479b-991d-8a181019104a
60df7bc1-bb50-4951-9113-6c7fec2488f3,dc9d9c0e-c7e4-45c4-9363-97bdcaa91c26
5f891202-bd0f-4f08-ad86-af676770f0ac,74bc45f8-0d8f-4068-a5e0-2dbadf63867a
f9e6b974-10d4-4f31-837e-942df447b20d,63c77ed6-b568-40c5-9269-83cdc8d74511
79e97374-782a-4138-a733-b25ae06c5659,51e99d63-44fd-413d-ab80-378fe867fcc0
391e876b-1829-4593-9fcc-f25cc7847dbf,f4b2a9b7-1f4c-4838-8416-894ef749dc47
1f029aeb-ad6f-4615-b241-2b54c3ca64fa,6e08503c-939b-4b78-8081-9a138e954f49
dfd0c51b-b135-44fa-a318-3bf6f2f51ca1,99238d93-e9ba-474d-890b-8188eceb9ef1
76842d8e-577a-4b0e-b3c2-1c242a355390,10887fbc-7fab-43fb-9cc6-bc44530a7982
02119107-d1e0-4fac-b91e-7a4cfe9fe1cd,95ca3869-31c5-4df8-9cc2-05134562d24e
89f06442-f39b-4f37-9509-c33a7349c683,6ffffe2c-79c7-4e09-95c0-6ba699b3e2e6
e21ee32e-443a-4af0-b20d-2dc1fa36e85c,93c9ecb6-5a23-45dc-b1d8-daee1430e815
5ee116d2-057d-4199-93b2-a1d758fbbfa3,d79a385a-3a25-49c7-8261-15b9ece4f7ec
58891a7f-774f-4127-9297-9af32520183b,ed35597f-abfc-4717-a707-ac094e037d69
350290d6-68e5-4959-933e-6430d466c71b,bf9306d5-6266-4fb1-a136-016fa3b92d9c
4bfea83e-6634-44c2-a183-8eb3a8deced8,520848dd-d661-430c-bb21-c1e79e901c34
8d0abb95-cc0a-44a1-9755-b081aa6bc5f4,c98111be-0284-4a44-ab26-986e34067fce
48e0ebe7-52a9-4280-9a3f-85578c550781,07940781-c9f0-41de-a7f5-2eb9305d63f9
ae514d17-be65-4c2b-92d4-687c7d26e626,8468a50d-ec40-4fc8-9871-56fd6b80a931
b074d2c4-0552-43ae-9996-e88a0f91fa96,888cfcd6-ee5d-4dcc-ab4e-f77b05f2d3af
c155ab8e-7c44-41ca-a5e7-a4923dcf07a1,b5d7773a-6317-4fa4-9738-e83784b7dab5
f8dbbf23-5bb1-489e-8a49-ca506af0be44,f0a4c93b-04aa-4801-9028-af85d27ca3ec
aa993e87-d89f-4de0-934d-07f1cf90d301,6deb0e7a-d326-44f7-8247-ccefc024eb2a
881d92ed-7d88-486f-a94a-b1bb7ff3d58f,1dabd03d-c620-4882-be39-45a5715ff5d9
fc0f30d7-ac74-4446-b493-8c9fda9b32ff,37d34a9f-e7bf-4c55-b0c4-6dfba42d7fa2
bcf1ef12-0278-4003-8adf-0f4c04e8e594,fed766d9-c219-4e1e-a980-f973b7871e85
55e1561e-9c7f-478a-838b-e2edb2b311e5,8339bf80-cf42-4e8a-8eca-8cf26fdc7872
e7bd2c1d-e00e-4e92-870d-d59a93d8fccd,68f423a5-66a5-43b9-a789-1e510ad89a09
22283e92-cc22-40e4-8fe6-8b426405f0ce,f5b7ae6a-8126-4dbe-854b-bc829f9e6d5f
f9e6b974-10d4-4f31-837e-942df447b20d,70458b7a-30d6-4e3b-91ef-283313b22be0
b8191d1b-fe13-4f23-bf99-620c60b935d8,0927d459-e334-408c-a37a-1ad56988c2cb
901c52e3-c002-43ba-af22-4691ada4e814,9ae4e063-0705-467c-9d65-e772248ae950
1829e0e8-2ceb-4676-b736-84ac7b8cda5e,51d1fdb6-82a4-4d66-955b-a353ad6b55b8
db6349ae-36ea-43a8-8f77-a356df79ffe3,f15963bc-6465-422a-a9bb-392e455e1df6
f73b6a3b-0c7d-40e7-9453-f13338b16698,2ecd958c-6e6b-4488-a080-3344ddef9a21
b93528f3-4696-47b5-90c5-f21fc53d0e6f,fed766d9-c219-4e1e-a980-f973b7871e85
9ad766eb-2d6e-45e1-89f8-0e5dd3f9c48a,32ed1ee6-a4d0-414d-9072-038a6dcebebc
2ef76f95-9092-4fe9-ac2d-0afb7724f1a9,ed35597f-abfc-4717-a707-ac094e037d69
1a1ededb-ff65-4e41-b833-b49cc9c23f9c,1a5a8cdc-411c-424d-bb73-24f066b5fe53
a8b7b23b-d502-46fa-8445-92c696fa503d,1ecc556f-907e-41de-bbc1-65f415654444
1cfa5d9c-1865-4502-8171-238b2887481d,89bc8598-c297-408b-a8d5-8ad65d51ffa3
831de3f0-3913-48af-a349-3614d39c6fc0,74467067-86ba-4907-8e97-f4819122e76b
6a3e423d-6a77-4440-8653-1597562684a8,b4f74a69-5b02-44dd-98ac-9512f72ef0e9
7c289aa2-219a-4085-9c55-869bad441729,f50eaa48-f6bb-4db3-b376-d33ff514b3db
c0c074ca-f43c-43b9-b895-0dcb86f683f0,e39f983c-7280-4748-9b01-3e9528965ea0
5a5c049b-d49b-461a-8064-a168ae74b4c6,a6e1f361-c655-4ff5-b45d-b865214abd47
c9cfc53f-b276-4733-8f5b-c2d2acf68736,da4b68e1-3302-4e7f-ac16-05dc7db1c993
e6a9f57a-f0fd-4c53-b137-48b6e4d3b634,3e82bf40-c0a1-4601-864d-9b24f65db9f3
f4cba9d8-edf0-4c12-a44b-646c20885f68,8c60f520-5feb-42e9-85b5-4e4053642973
72eed020-fadc-48d5-bb09-9f729fa7305c,e0c6b8f5-2ea8-4d33-a80a-64a665707eb4
900a2bd0-4523-4df6-be42-084311e0a3aa,f1d3760f-64ea-4b3e-aac3-940a2d0c41c8
1752b64c-4ed2-416f-b7d0-bd1cecd98831,a1ec6f06-7142-4cb5-ad98-69f9926b961d
9774a2b1-2c91-42c4-b054-70ce18a5fde4,e6b38055-b772-473e-8e89-50bc30102c0b
ca10d4e0-2c4a-495c-9f5d-50aaef28ed0e,2cbd7e31-7b6d-4d44-b012-bbe0a0f8709d
020ff14b-a49a-487e-9b99-4fddb5434d55,9620df44-2a1f-4786-bed7-437f6ee33dff
ab0aa7c0-51d2-410c-81f4-e90e993c0dfc,c6296b77-0406-498f-8737-32595ed9addc
b074d2c4-0552-43ae-9996-e88a0f91fa96,5de7cf4e-ec1f-45d4-8c53-a26c1e81bd2c
ae514d17-be65-4c2b-92d4-687c7d26e626,a76219ee-8bdc-4d41-a73a-47a5aa8a3080
873b39b0-52f7-428a-b515-dee9a1847312,a23d7903-97f6-4e5f-8324-f4128e942715
8796b219-45cc-4d6a-8e2a-a093fc5fd9fb,f0881648-a2e6-4ea7-938e-e49fc1e35759
584f4403-cfdb-4d9b-90cb-805a5189a141,2ba7800b-8d74-43ab-8ada-79c7b392d848
241b7adf-77c3-4699-adfa-543295f84607,b67b4f8b-b3e5-420e-81eb-0697c442a042
b764a082-945e-4027-9e02-003fe85bdfcb,02a60034-ff66-4823-aa40-1ffed6e92feb
fb51c150-9a97-42cb-af61-9d2f2b30211f,71970b11-5cfc-4924-80f5-8225f21e29bd
a5e291e3-f406-4b70-997b-653e20b384e0,6b3826fc-ceb9-45bd-882b-bcdcd8ea6603
56e33416-9cc8-45d1-a45d-e95429cb5f2d,cc685b44-e6c1-432f-bc61-10df9c4c7372
a5487643-22df-4ee2-8ec6-18433a9de00c,a6571bf5-d3d2-4c1f-8106-18104b76fb65
281f8076-094e-427b-874d-3c98367f6de5,49904826-03b6-4932-bc50-b773cda7cbfe
cc1e39c5-e843-4132-ab5d-627a11d6a1e3,eed26fee-155f-4892-bc54-0c6dd003986f
85303337-883d-44d8-b638-311207f8e287,0c5197b3-3b26-4063-85c2-6f45b843c2a2
fae87ae8-0019-4b6c-a1bb-568510316654,a5248032-b732-4ab0-ac9b-fb0d23d38854
8d0d5dfb-e696-4f47-8713-85d01bbd6bd2,96254551-44ee-4445-b7c1-24a8a6074106
f5c8ddba-3d8d-4745-af53-bfbcdb4e115f,48e1ad19-9ab2-491b-9239-e7273bf9ecc9
c9e214ab-0749-4d71-b6cf-07e290161c95,14a78b67-2082-40f5-8fc2-a65724aeedbd
ebaa5fff-9cd5-420e-8e03-f2950e6f7eb8,21e4cd67-8928-4dc2-87b5-a45df0b256f8
2e9f8f2c-0a6e-426d-9c9d-6471ee2f58ae,fd6e2174-bb99-4798-8c99-c32e9c2db053
3876f2c1-8d50-44f6-bdc0-9a50702b8135,a659ab7b-f2e5-4251-9783-4208c9f12f83
66fce713-44d4-4d04-8254-4a7cfce17f28,205b1da6-306a-4766-93d8-99e92c63a84a
53a9b08b-9044-49ec-9084-63000db157eb,f0a04cdf-af0e-43d1-bb3b-7e8930af5177
c3847738-e684-4fd9-bc12-bc613edf08ac,7bd37338-060b-4c19-a775-647f8acd2159
c7f38cf2-983b-424c-972b-428892d3dac0,6deb0e7a-d326-44f7-8247-ccefc024eb2a
1546c475-07a2-4238-8a2a-92eb72307965,0f91bd1e-08fe-4c33-8e6d-fef3d4c59ece
6972c75b-cc2d-435a-8c91-19c519a5f34d,56712419-e459-4390-af2d-d083df828c9b
3a251d39-4960-4f32-8045-7099ff5b7ebf,21812964-25ce-4271-a206-f26395ca5435
630d4f43-da66-42f6-b913-a4522640797e,c4564de9-48e2-4060-aba3-c7731e37004c
503d3a47-cc81-41f3-9181-79e4fe5b5888,6f315fae-57fc-444f-b0d0-5245e32563f0
b0012a05-859e-403b-b974-0a6037ec43cb,a1ec6f06-7142-4cb5-ad98-69f9926b961d
1025e7f9-812c-451c-887b-c1f004f769b9,5c8a987c-c8a8-4b6a-9193-12146a4068c5
e934d26e-7c0f-4926-88f8-33b53566e721,5912768b-7eee-4722-98f7-556572d52554
7f8c13fb-b4f2-44ff-a3d1-f9ac159cff60,11b16a3c-3546-453f-80c0-f96847937e6d
ff26676a-a383-4787-8584-33f519bd9fb1,01fd060c-b09d-4361-b874-12706ed3efcc
e086df32-46ea-497a-8382-0d6ae9d31697,ff147c79-1906-4818-8236-24a8648dbd86
af2b8226-9b62-4d67-a9d4-7379f2333937,d0d2593f-e98d-4e60-a8f0-e28763152ab1
7c10bc01-10ad-4d08-86c7-f915ec467b02,52736fb1-9c1f-4c02-bf6a-c80fdf27a572
c28f65ce-367f-4804-a32f-7cc33419d7bd,dcd7a01b-1cde-4cac-91c2-ff2f385fb2f6
c68325cb-d5d5-4164-95d3-5936e4595386,2a2097cf-b9e4-4f33-9cd2-d6b7c4dce71c
9bd2648a-53bb-4fcc-a3c7-0deb5af05dbf,a38e4e7e-8ab7-4a75-ae5c-cc181f51451b
506591f6-87f6-424e-9edd-2ea45ef4ec11,c3a5eaa4-94bb-4ca5-8080-c4966ceb372c
89e7d4ad-4741-4c47-8876-4847916cc029,c8d79c16-add7-4b0a-baf4-96ea35c61528
3d38cb12-3f2c-456e-b31d-19c8c4084be0,b6a7a277-74d3-4636-a054-29a2d9ab6333
546eaf39-3871-463e-81c1-e2a0c4f41fbc,1ecc556f-907e-41de-bbc1-65f415654444
aca64c00-c372-4ea3-b94b-df995ced9298,6aad6311-3a05-479a-abfd-9aee4064a6d5
e9bc046b-a59b-45dc-8faa-4decac4a83a2,520848dd-d661-430c-bb21-c1e79e901c34
5e9950b0-e572-4d05-8af7-67c9968cfb44,541eaa1f-8924-4877-ba81-3d47a671b87c
be9c918d-75d7-4910-a094-67d68d299867,e6146cea-9bc6-4e94-aed3-0f1a8ce05873
1546c475-07a2-4238-8a2a-92eb72307965,83eaf7a7-4921-45ab-883b-8dfd683999ee
80bd48ff-3e03-4ae4-9752-b88a26f76247,e9029d70-6a72-4311-a96f-6bc188dc7d8e
40782fd6-4850-4ae8-9235-a27e825cb533,1d0b22e5-f8eb-40e4-9206-19465e4afb5b
d41daee8-880d-4625-8b34-106cf8aeb0cd,2d389248-9e4d-445d-8b5a-d5fe20cb3eab
b6f19bcf-3261-4ae8-a357-039bced3c610,dceebb11-6037-4dc6-b4c4-a9d3dc83342d
e34a16e1-5efa-4a4e-b429-21ab574ff721,37d34a9f-e7bf-4c55-b0c4-6dfba42d7fa2
391e876b-1829-4593-9fcc-f25cc7847dbf,5ffe5efd-9dbe-4ded-8b35-b94d1264062e
40bb9a2d-5ef2-4f2d-914d-2fa450165d10,7232ff45-6c26-4fff-9b41-0199b03c042b
466cab2a-1b18-4086-aa3d-d40dea77fb46,c8c627fd-f6d7-46ee-84e8-3fa0b3674c3a
e423fdbb-92f4-41a6-8aff-1b87659cfe81,7de0d963-23d0-4c98-8739-e812f68abc23
241b7adf-77c3-4699-adfa-543295f84607,869c49e0-f394-4132-87b8-34712cd01fc2
8b6d3a5e-b1f0-49e1-b736-073b0316203b,805ff749-ec3b-40e6-a4d3-6c1336854f1e
27308181-1172-4f29-87dd-f123e2485e79,86ec26ac-319b-4440-aeaa-c055ac8a56ec
ef475806-0076-444e-b24b-dbfc97df8478,99238d93-e9ba-474d-890b-8188eceb9ef1
2658fd2f-7038-4820-bca0-c053cb927613,3f0034ea-07da-44d4-ae1f-8e2acd5950d9
3d17ad46-12e1-4dd0-a8cb-986461cef2da,f1b9d199-b137-4d9d-b81e-e12bb354db21
014739ac-6264-4f82-a88f-e70c6fa8708d,627bd661-36d0-41c5-83ec-f90a9e05d1fd
0379820e-5726-49fe-83bb-a4ae006a4628,2fa7479c-fc7f-4bca-ae1a-16130f614d23
bb8072a3-d8e2-4e92-9093-43a6c34d6750,43c4c1af-409b-49a6-92bd-91f03506d0d0
dcb9a9eb-deb1-47bb-b4bd-bde4df5409d4,51d1fdb6-82a4-4d66-955b-a353ad6b55b8
6aebbafc-c56c-44c1-9bfe-52c04317696a,e807ed34-369a-49e4-8fab-ee45c6957c1a
6411e065-a14e-4f08-b23d-a2e467869149,b94b811e-cf5f-44dc-b031-b8529f33c842
3bea8860-cf9b-4800-8249-63f24716b491,7d4f4325-51a8-448e-9956-cea942e1ecd8
d8b3826f-c2bc-4018-8f9c-8644177ed368,3c3a214b-1656-4fe6-a6bf-0a48712c0bc9
97fd4f75-5cc5-4b65-a62b-10e7072c3a0b,0eb4527e-0589-4f46-8fa4-b045a41b834c
4f1a0363-5c58-4588-bcbe-61c78fb40a22,dd3afbd9-272f-44d6-b116-40e3ab6f39e3
8d0d17c9-5fe8-40f4-9cf4-9ddc58026462,fed766d9-c219-4e1e-a980-f973b7871e85
6c248aa0-758f-4949-beb8-8e98201560dc,8d28a8c1-3d90-4932-bff0-6d6aa61bc832
b074d2c4-0552-43ae-9996-e88a0f91fa96,2df757bd-06cb-4bee-9a44-e0c243dc3323
767de533-f0d6-4e65-874f-947f142d2dae,a8039689-71b3-419a-b1cb-e5b72e7b4703
df51d9f7-da8a-4ac7-88d3-557bb1cba2c6,a9a3b4e0-9757-4d34-9aa5-8429ef243321
6c4ec499-555a-46e7-a026-608ad47156df,1bee83f0-bbdf-42aa-92c6-001a13afbce2
a575208c-78c0-4242-9ec2-74b0efacf896,371d274d-8b01-455f-9881-3190ada2bbb6
aaf114ff-8427-4c54-8eb7-2b452ed871d5,8face201-2b81-4aac-af7b-52bfc5f4bb29
92053182-fc93-494c-9722-5c8eb5a76b27,bff7ade8-99a7-4c45-a576-78fd7b1df123
287d5b9e-6708-4773-a6e9-0d391b3f45cb,2fa7479c-fc7f-4bca-ae1a-16130f614d23
b6f19bcf-3261-4ae8-a357-039bced3c610,a2993665-5893-4e4b-8f0c-f4ed809b57fd
584f4403-cfdb-4d9b-90cb-805a5189a141,951a72cb-1dbc-4c3f-8846-460381393486
2d6e3d98-95d4-4e0d-b715-3aa3db46b0da,6cb197bb-2d6b-48dd-83e2-9b5ec032b94b
e02561d6-9787-4777-8fc5-cb9c25afe53e,4f274eb2-9d5c-419c-99c1-2d03ceacf858
f867f725-0dce-4917-a563-d3536a6834c5,96766664-e31b-47de-8b3c-95f10ad86597
45eceff7-1699-4291-8cb9-1598960a5ebc,85d5db05-4b0a-4a78-903e-300414a913a4
e0cba964-0f71-43d3-8188-e78777da765e,be66a07d-e703-492b-a87b-7634531c494d
391e876b-1829-4593-9fcc-f25cc7847dbf,3fbf7f32-97e7-4342-abb9-28df33f53ac4
a373a04c-7275-4df2-b39c-a71d03a8d95f,125f4184-1be1-4954-8cc2-23607e6dcb44
20b2c345-9bf2-4536-88e9-4d7bb70cf0b0,4170a631-64fc-4a9e-86f6-5aad6796629a
5f42b67b-e942-41e7-ab64-c1487ca155d9,3bc53580-cb47-449d-9bf2-9a30b70a5bcc
9a99c3f8-f92a-4820-a288-04467515f0b7,d31402ab-decd-43a8-99aa-4f4a55d5bcd0
2e24cca9-e657-4106-9d81-dacca2d4b0c8,eba5be48-983d-403a-b8cf-21603aa96cd0
cb2e2e44-532d-4fa6-8079-7eb7c982adea,3bc53580-cb47-449d-9bf2-9a30b70a5bcc
968a6ee9-72e3-417a-899d-8cea3209055f,c53d0b8a-0306-42af-9042-523e57d895dc
1151428e-fcb6-4f5d-929b-8d7044359b64,8926ccb3-e031-4094-bba8-40aeb5757c85
af1f6c26-5b98-44bd-bac0-33de8f65f201,fe2e452f-7959-450f-900d-b93f317449f3
df51d9f7-da8a-4ac7-88d3-557bb1cba2c6,0e8f3016-5d82-4823-b0bd-2b0867c15269
06954837-7436-4c05-b722-1ce5da8f1e1c,15d4ee11-489d-4547-a370-56805b42395b
577c5ba5-b3aa-43f3-bfd3-c4f0e2fca6aa,0cccbf73-6590-4e61-b925-4fa4fab70d7f
c9e214ab-0749-4d71-b6cf-07e290161c95,f25cfc09-66f0-4d4f-be92-1edb8bb6d59f
72b3b37e-9b1b-47fd-9378-414f0e0909dd,4a39acff-2fbc-4f1c-991a-30003ea7c048
22db4e8a-e7f9-4100-8996-21024a5af99f,520848dd-d661-430c-bb21-c1e79e901c34
3c1ad5df-a2c3-4a54-b10e-f4c8c4a51ad3,c0c89acc-88d3-40b7-9ffa-19177405eeed
5ee116d2-057d-4199-93b2-a1d758fbbfa3,47c33528-2f1f-4ebc-946a-e2318860c291
b5922705-756e-400f-9b12-cb04566c63be,c2cef727-29c9-4888-bcda-0200c9ea8a7a
160e8856-b9ed-4af5-99a1-daac75eae5b2,3867bd76-8e02-4932-af9e-f68df462c61a
d6b69b82-f25b-4c1b-8de6-096ee9be514c,3e2ad610-f034-4b68-b5fc-d5725a0ccdac
fbdb3524-6a71-4648-82de-db44f54739c2,748d6f20-ac2c-41c8-9961-5f7045ff8d14
af2b8226-9b62-4d67-a9d4-7379f2333937,3bc53580-cb47-449d-9bf2-9a30b70a5bcc
9c6f885f-f497-48eb-812d-5046dadba590,20e2cd66-2269-4e28-b5d3-e25adbb826f7
3965f04a-4f54-46ff-98b7-a587cbcea433,051c1aae-f8ef-412c-809e-77a3708fcfef
ae76c71f-2f11-4281-9622-f7a8639ea2d4,f0a04cdf-af0e-43d1-bb3b-7e8930af5177
b8f2e6e2-baea-4c2e-95e5-7842aee8f22f,125f4184-1be1-4954-8cc2-23607e6dcb44
f9e6b974-10d4-4f31-837e-942df447b20d,cdf93429-e5f7-4f65-9e29-36066c7731cf
2056b22c-d341-4627-8814-52e534193494,8339bf80-cf42-4e8a-8eca-8cf26fdc7872
0427e251-d828-43b4-b76a-2b99e222dd8d,b7b4a888-3001-4065-a072-506b605409d9
65d58c77-23ee-4760-8324-f97582c943dc,93c9ecb6-5a23-45dc-b1d8-daee1430e815
014739ac-6264-4f82-a88f-e70c6fa8708d,0f5b1a0f-98a3-4290-b8aa-8e2419b43392
e22b500b-9933-41f1-87d9-952c248636f4,91d91ee5-f03a-4ac5-a4b1-67bb5e2d7ea1
bcaa97a9-3c24-47ea-912e-97de43bfc579,e2684138-c1dc-4669-b514-2698c43f84dd
12ffb476-87d4-484d-9473-63f1b3bcc1dd,0cccbf73-6590-4e61-b925-4fa4fab70d7f
d2824f2b-93c3-4a5b-8eb1-87ba91b2d992,540db5bc-4aea-41ee-86b1-64aade107435
72eed020-fadc-48d5-bb09-9f729fa7305c,28ffb690-907f-45a6-9052-0c357bc2aa15
e4b89e6c-0ad3-43b7-b0cb-a9989ef840e1,b193c5b0-84be-486a-9be0-05b7e4af01c3
2658fd2f-7038-4820-bca0-c053cb927613,347acc5f-57ee-46a9-8093-2c81c65fa1f9
9019d30a-6791-4f1f-b190-f074350713da,dd577d7b-0fb4-486f-b116-1a50ca2ed080
3dc41e8c-36b2-48ec-aaf9-7f563a8c2e0d,8cdd090f-5cb9-4503-b062-bbf2c8abc0e6
241b7adf-77c3-4699-adfa-543295f84607,57108fac-9706-4ea4-9a00-ecd4f09c62c7
d61c8411-5f46-4af6-9ed4-3efee3482d13,9b4e5c48-536c-431b-a2ef-a9f0f27b2993
10096415-040b-45ce-8f6c-0b8fa8c6c34f,5a37931c-83e3-4517-b5a1-ae4bc5b96614
8ebbce6d-3396-4e64-967b-afb2a1f0d196,399117c9-0cbd-4cdd-8b24-00f73e7bbd5e
0fb7d0fc-b0eb-49d2-b0d3-378ca93dd5a1,f28c1764-b719-4b35-b47c-7e05e3c06f16
29bb08f2-069a-4a38-bf4c-bebd7a2e163d,55473053-de07-426a-8332-87514f307e27
af044d48-6237-4231-8d08-f286db6e3f07,d078ce0f-27c1-42f9-a5ac-c50cb40c1e55
381a2280-2076-4117-9b4d-8d0f555f2c65,ad8071bd-d77c-4e4e-aaf4-ad4289fffd88
7ae24ce8-0ff4-4b9f-aa60-f7a7188a7755,96766664-e31b-47de-8b3c-95f10ad86597
f5f50279-d1dd-46b4-a1d8-40befeaf7317,4ee3cd0d-6cbf-42f0-9ac3-b86eb4158f80
37c13e0f-b86d-45e2-8569-89c3c3652f53,f41599c7-0d83-48b1-9a0b-9e97fe57d006
a17e04dd-84bf-4dd9-8461-3521c5f0ed24,acf82ee0-b8b6-44fe-a637-3814d078088f
5458dd5d-2042-4ede-8a8c-d40d222d18b3,6760dd0f-4233-4464-b840-d67a3a212879
3bea8860-cf9b-4800-8249-63f24716b491,d5a95170-9b21-4257-896b-e6e9260064c3
e7cd983b-9198-4507-abc2-1c8fffd335e7,4eeee22e-7a1e-4f0a-85fb-856cfb896b92
1d982e97-ec54-4da1-b588-84ac64cc907c,9e711afa-6420-4bd5-b381-775b64646faf
5468bfe7-86a8-43d7-9d6d-6fb451f9be6e,b40b327a-e3fc-4f60-b2b1-72b7a0137d1d
1e15fb72-e33a-4e22-b357-1b9794b98525,d7dae792-d5e1-4a9d-b25c-d890577be50c
a5487643-22df-4ee2-8ec6-18433a9de00c,363737aa-bb30-4b49-9644-0bec061ab279
cbadc91b-a965-4a91-bfe2-d160bed411c4,66ef0ab8-4493-4ef0-9068-0ae1d52eef30
e883e3de-07be-4297-8760-f90f675c3ef8,6571428d-b491-4345-8fdc-783630df7d70
48e0ebe7-52a9-4280-9a3f-85578c550781,cdf93429-e5f7-4f65-9e29-36066c7731cf
d2812454-b555-4643-a449-1429755667ed,40863ea9-6c00-4f5b-a3fa-e1dfe65884b6
fae87ae8-0019-4b6c-a1bb-568510316654,929b82aa-a23d-4332-98be-f51215c4a5ad
7ddcabb3-6c6f-42e9-95c5-0a7db727d68f,bf2af53e-03a0-4e83-aef0-617c1e638a5d
8b5d9193-67fd-4ded-98c4-f56b05d7fb26,a17a5d1c-8eb3-4915-ab54-8263c300d2c8
f73b6a3b-0c7d-40e7-9453-f13338b16698,7f945aa6-9b00-47d6-9c44-cfb90683d6a4
ad9a742b-9fef-4598-a8da-4062a164139b,bc2aac24-476c-48a7-b1ce-d4b0c29cb7ae
091a8255-38a0-4acb-92a9-943ef3698a7b,8cdd090f-5cb9-4503-b062-bbf2c8abc0e6
f81d9849-059d-4c8b-aa49-2f197db06a86,77b212fd-3a24-479b-991d-8a181019104a
cb2e2e44-532d-4fa6-8079-7eb7c982adea,c6ea2e65-0c40-4f90-903d-51cdf9346ab9
436b4cdd-ea9c-4ff2-8388-321bba3c159d,6d74cb2a-5c93-4a77-b2ab-c6f7fa4f90fe
9b2bde62-c628-46a9-b9ef-c36c456f4e47,853491b8-9b6f-4452-b3b7-5fd6451ee9d0
d4ebde64-2028-40fa-ba5e-a4c0853559e5,2fa7479c-fc7f-4bca-ae1a-16130f614d23
7f8c13fb-b4f2-44ff-a3d1-f9ac159cff60,b09e5221-4063-48ba-918b-b4dbe9df1203
12ffb476-87d4-484d-9473-63f1b3bcc1dd,ed040dec-4630-47d4-9c71-5d8ecea03dc3
9774a2b1-2c91-42c4-b054-70ce18a5fde4,12c92df8-2734-4313-858e-46b1b27c4804
cc1e24cf-1680-457a-8060-2c8d57cc51d1,d287997a-b866-46e1-b8fb-8c95179514ac
8a98d2d3-bb2d-44ed-b778-339de21c88d9,31ed401f-9091-4388-9875-b4959b792538
11b10369-4b4f-4dba-ae64-547419d7533f,0eb4527e-0589-4f46-8fa4-b045a41b834c
ab0aa7c0-51d2-410c-81f4-e90e993c0dfc,1bcee66b-067b-469b-9a2d-07a583da4ece
350e9293-1eac-4695-8e46-0ee4ee65e8d0,ebb47e38-ee07-4ef9-ab18-803b0ed7de4a
5eff7f6b-200e-431d-b27e-98d9e12842a1,c19b639d-2cfe-451e-94a1-6052a4b69b96
68a4bc18-940a-44ea-92ee-65e07f04029e,5a899541-9023-48aa-a751-428077652427
c8c6b742-49ab-4e52-8adf-39cefecfdcb5,3bc53580-cb47-449d-9bf2-9a30b70a5bcc
20b2c345-9bf2-4536-88e9-4d7bb70cf0b0,93c9ecb6-5a23-45dc-b1d8-daee1430e815
43958b11-ef09-46f2-b786-522455c12ce3,97cd1a57-8a1a-485e-944e-2adfe8514ee5
a9977458-6927-4f61-810a-3c4c537ca3c0,ed40ccec-c0df-414a-9756-428fd36a6433
37e46c0f-3eed-423c-afe7-8c3db3a59e25,b1f81f7e-aef9-4587-94a6-9437ad552ab1
51cd3aa5-effa-48b0-b21c-e09cdf972618,1b70401a-e399-42f5-9fb1-dd4347e06ee6
350290d6-68e5-4959-933e-6430d466c71b,8855c003-ef5d-40ac-a967-0218c19084e3
e07cf3c0-1867-44ac-829a-a888fd4fef69,807e68c6-47a8-4314-a19a-92f25f40a5ef
949d4d8c-0b1a-4d68-bfba-643756500afd,292cc74d-290b-4776-a572-5d00e1f5e38a
2959bfb2-1c41-4bae-8e87-a5427a5369b9,8dd300e6-01ab-4aa9-860c-7e64684959e7
1cfa5d9c-1865-4502-8171-238b2887481d,1da459bd-ec27-42e6-9a3e-055ee5755316
8b2fcfe4-06af-4d00-9117-2a10caa3f319,3d2a29d9-8ddf-4454-9993-061493b9f067
343a7700-e79d-4ce2-a7c7-5deedc267534,5f80491f-a517-42ea-abe6-66dda39f8baa
3da42aca-5976-472e-905c-22df6995c24f,60948aec-9105-478d-a196-bf6d8da7444b
8fadfbf1-cc03-4196-b6a8-76d9c05eebd4,10887fbc-7fab-43fb-9cc6-bc44530a7982
c97d940f-ca2a-42e0-bf1f-9c5a33e47f51,8dd300e6-01ab-4aa9-860c-7e64684959e7
f5baccd1-59d8-4284-9d98-df8989905d2f,e1c54df5-5080-454a-84a6-37ed072a5974
9d405a47-0f55-41cc-907d-e79086ec7b88,70e2aeb4-7756-4c3a-9f36-2a9d30571e60
67792447-c999-4931-a911-44f34f3b7158,4eeee22e-7a1e-4f0a-85fb-856cfb896b92
d8b3826f-c2bc-4018-8f9c-8644177ed368,6cdfa6dc-0478-4ed7-b7d1-48dae689bf52
ee4e6f98-4146-4261-9d10-e0497248c486,85aa544a-8258-4f6b-9210-967d17cf15e2
6c001917-6029-4c33-8b42-f317093e862f,1c676b0c-9cb3-4d4f-8529-6ce0bcfb40f9
4deef63d-f0b2-4b8d-977e-85fccea08870,1a1980c3-0082-47ad-872f-a4d0c51e1a80
1b391988-fdec-4975-b14d-fbda7727b7a8,5f0dee2b-c446-464d-80dd-72282c053daa
d715e6ac-e467-428d-92dc-4d4787299a45,260e91bf-d91e-464d-91b9-501c5e5ca762
873d673f-a608-4412-b9e3-af36e76a9b8d,db5e3118-04f9-4852-a322-dca97132508e
d61c8411-5f46-4af6-9ed4-3efee3482d13,bd290861-b0b6-44c5-91e4-2c37448ccae0
548c80f1-dbb5-4ded-8a3e-0e10489ae16c,9d41bf02-173c-4b01-929f-c96522aa96ae
3d38cfa3-ded9-4025-b03e-4ca519d3e681,2909c4b5-ffdf-41e2-b8de-87c894f6fe21
8096a40b-c8d0-4e5b-a626-bdde3e4b11f4,fdc477a1-d830-4056-9ebc-bcbed16b0f2f
951d3190-0024-4be3-bb93-d26faa4cf713,f0a4c93b-04aa-4801-9028-af85d27ca3ec
569f78d2-5018-4353-b1ac-90cc486f1909,43c4c1af-409b-49a6-92bd-91f03506d0d0
c8d05b54-39d8-4a67-b4e7-b79750a2b0f9,edc546a5-f65e-4cc4-85f4-93be5e605fb9
a3c3ccda-0990-4782-8641-73bbd900ac8a,32ed1ee6-a4d0-414d-9072-038a6dcebebc
78d39df5-7508-4c9d-a8e6-1680c0413da8,b327b5c5-7a7c-444b-ae7d-fe5bfcfce374
13a9f56c-079a-449f-971a-83d889dd8d3d,f3c4cc12-8dfa-461f-9b4f-d8b3c3d92838
9fb1bda5-3608-4447-9757-4d5dff2ccee0,66450261-838b-40f1-bb96-6dae22eee55e
3d38cfa3-ded9-4025-b03e-4ca519d3e681,14a78b67-2082-40f5-8fc2-a65724aeedbd
ef752fa6-b0ad-482d-abd5-9da3a3e25c6a,cc6a94c5-fdcd-4370-8ad8-dbf2e360b846
95b8c390-f7d7-4c8e-87d3-be4a938d4218,96254551-44ee-4445-b7c1-24a8a6074106
e883e3de-07be-4297-8760-f90f675c3ef8,8862dab3-29f6-4b55-83ec-baa2ca67d18d
38734c39-7de8-4caf-98bc-d5a9db9af3d0,31ed401f-9091-4388-9875-b4959b792538
4a2b41d0-07d0-45ab-965a-82ed7f5d8030,8013e9cc-9e27-4557-b8ca-60bf7a67b278
b8a3af3d-df0f-42f9-9a30-ec26a4fd35c3,fde66b3a-e3d0-4831-af41-65fea1e0ce25
5e075451-4547-4548-a315-baaeb2833cee,f636b8e6-bd83-4165-9f43-520adfdfdbb6
3965f04a-4f54-46ff-98b7-a587cbcea433,3c4edceb-3778-4db7-b3f1-a18ea3cd622f
eb2f9d92-bffd-4c11-b966-48a68a5e50de,1b879aa5-5af0-405f-811e-fd095afeec4e
c672d841-2149-4015-a77f-2e4d0cc3e6f7,8a28ea42-d6d8-448d-8cea-ddc52a112afe
49ac299d-abb0-4b4a-9121-db44fd711d9c,cdcdb624-66a2-481c-bd69-114ef6320091
7264507e-411a-4ecc-80a7-464656ec0c56,e6925329-41d1-4bc7-9646-ac82c478a125
5f547202-67bd-499b-b67d-67c94568cb9c,5135bd07-e9e8-43ed-ab19-ddf0dab56d95
90f6f032-bfbf-4b5a-b531-fe02e08785fd,0be91f93-0ac7-49b4-b088-db6c47ab4a96
0e8303f6-2f98-4a0d-b8cc-fdb99ab8b9ee,01f09773-cb3d-4581-94c3-0fe1a1cc95c9
8d0abb95-cc0a-44a1-9755-b081aa6bc5f4,5d542efe-4cea-449a-9a06-5298693a6849
93668d76-8c30-41d8-a76a-1f0b6e1e6fc7,8a6c963a-03e4-45fa-a1b9-7a13f9155507
894e5973-f4ee-4297-a579-2bb840800d1f,6deb0e7a-d326-44f7-8247-ccefc024eb2a
4deef63d-f0b2-4b8d-977e-85fccea08870,47c36bae-7522-4eaf-8723-0f245475a0cf
8a98d2d3-bb2d-44ed-b778-339de21c88d9,205b1da6-306a-4766-93d8-99e92c63a84a
e2b86d8d-953f-4d24-9954-3ff55a794869,e190535b-202f-4187-b211-d1074680af7d
09686a93-12ac-482c-92a6-b8d61f03eefc,45e2d651-272b-4581-9558-4094e3283960
d1e79580-a19d-4e01-835a-e6ed56456499,fdc477a1-d830-4056-9ebc-bcbed16b0f2f
aafe2c4d-fb71-4b05-89c7-487e08ce34b2,00f521d1-96ac-49af-a12a-948147450488
e5f5d09b-6ced-4094-8a9b-6da8a976df6b,59aa6209-6e17-479a-9b4b-a442dddc8ba2
f8dbbf23-5bb1-489e-8a49-ca506af0be44,31662d35-c917-461e-9e20-a8a2ad966702
d7a05e76-4ae9-4422-bc53-a940976db645,7d4f4325-51a8-448e-9956-cea942e1ecd8
a3725b53-178f-44b9-a871-47bad9e13238,0ee0dadb-97c1-49e8-927f-ee56cc652eed
537c1be4-bb1d-4ec2-b985-322ba4bf394a,f0a0d760-9ed0-4bb6-95ba-6482a3fe1933
ac57a13c-a681-4956-864f-fcbe893b03c9,ba23061d-a049-4367-a64e-75adb1d0b116
ed62f334-a9f9-411a-b94c-be57f7641f31,0fb2aa3b-526f-4414-9230-116fc13c5995
0379820e-5726-49fe-83bb-a4ae006a4628,752038c9-34f1-472b-b4cd-01b7b89a8ce9
9b2cbf46-d4c6-4b0d-880a-aeb1769e2b55,dd9b5745-97e4-487f-8d60-13f0a976e3e1
6987e577-7458-46ac-855a-6570661ac4b2,eba5be48-983d-403a-b8cf-21603aa96cd0
8096a40b-c8d0-4e5b-a626-bdde3e4b11f4,e2684138-c1dc-4669-b514-2698c43f84dd
09ee8886-9cbc-4139-b68c-1d639345b5dd,55b622ff-4719-4ce6-a7b1-0c10e65cd6c9
3be14c4a-5c79-488f-a449-c5dfb9a114a9,b193c5b0-84be-486a-9be0-05b7e4af01c3
11192b30-17da-421f-831c-b270779315b8,dc9d9c0e-c7e4-45c4-9363-97bdcaa91c26
53e1cce1-a68b-403b-a551-55868361ae68,4ee3cd0d-6cbf-42f0-9ac3-b86eb4158f80
b074d2c4-0552-43ae-9996-e88a0f91fa96,ea2c2b6c-dbe8-48bc-bb71-74d193e3e833
ccc5f893-7419-41c3-8597-b2fc6de9aa2e,4213f982-f14a-4eec-a6e7-c0f85faedd2c
fea29de6-0e3a-4c95-a780-68b48a02ca44,e6925329-41d1-4bc7-9646-ac82c478a125
50668d50-6082-45d8-9f84-c8e683e16537,1b70401a-e399-42f5-9fb1-dd4347e06ee6
