id,price,currency,setting_date
9a0faa31-5c89-49df-b312-f7c553627c48,919.75,NIS,2023-12-22 14:39:10.822160
bf0c525f-cc06-41e5-a724-99c40b0dd778,3042.9,ALL,2024-08-16 14:39:10.822160
7b9f9737-f055-4649-98e4-6eeaa45e5bb2,2020.49,MWK,2023-12-14 14:39:10.822160
01fa0378-914d-46dc-8142-b66cdda483fb,2921.35,CAD,2023-10-26 14:39:10.822160
efb9f3ff-5821-470e-aa0b-20c3665b1312,881.69,NAD,2024-01-05 14:39:10.822160
fc4ad6b4-f5dd-4051-9a58-746e8bad636e,3111.44,PGK,2024-03-05 14:39:10.822160
32dc8379-cd62-4436-b625-4a692a987765,1657.35,MNT,2024-05-21 14:39:10.822160
95aad698-7b10-43cd-892f-94849c34e53c,4118.82,XDR,2023-12-21 14:39:10.822160
5fca69ad-c277-4cdf-a919-7c347d42a640,4572.1,NOK,2023-11-16 14:39:10.822160
0cfe2a46-548c-47d9-ae46-30de0e5d7af7,3502.62,VUV,2024-08-15 14:39:10.822160
1788073b-a588-4d19-8db5-1907c737594f,3842.95,ETB,2024-06-23 14:39:10.822160
5869ed9a-dab2-4a9f-8aa0-aa54f1855b36,4106.91,ZAR,2024-02-19 14:39:10.822160
70aea483-8e3e-46b4-981f-8d7c9482d0ad,878.48,ARS,2024-01-19 14:39:10.822160
f80e82bc-88c4-47cd-bec2-866c6ed0c30b,1295.23,NZD,2023-11-08 14:39:10.822160
78fb12aa-c50d-4669-92ca-fbcb02ce46fc,4483.35,LTL,2024-05-26 14:39:10.822160
31f83bc5-999a-4d06-9ee8-58ec892d31f7,3373.26,SLL,2024-05-12 14:39:10.822160
109a321d-6207-472f-8792-4dc575d4c792,1515.34,KHR,2024-08-01 14:39:10.822160
9ce4f92b-593c-43bd-b60f-2a4f46aca86d,1345.24,DZD,2024-02-16 14:39:10.822160
f5625e5b-99fd-44e2-8a9f-8e62f10e851a,3736.23,XPF,2024-02-17 14:39:10.822160
520186b7-bf31-4d94-872a-74d5f0b8d7d4,4885.22,CHF,2024-07-03 14:39:10.822160
ca8e5293-55ca-4a67-a032-d132d604a964,4368.95,SAR,2023-12-26 14:39:10.822160
3d23a941-7111-48e1-a7c0-67be69da84d5,3687.24,GIP,2023-11-03 14:39:10.822160
d5c4ed3a-01ef-4fbc-93cf-28a73e197542,3580.43,SYP,2024-05-05 14:39:10.822160
20122720-7d7a-4e51-89d8-2fd8007b1d7f,3509.06,RSD,2024-04-30 14:39:10.822160
77df9615-634e-400f-a677-7bfad84573ed,2839.41,AED,2023-11-14 14:39:10.822160
1d10e7a5-e889-4b93-a620-60e1687fd20f,4904.32,BOB,2023-12-27 14:39:10.822160
03bb28f9-8efd-40d8-962a-3e9bb95d048a,2775.71,BGN,2024-06-14 14:39:10.822160
0a00e0bf-b2ec-4f56-b54f-851878f5c5f7,2180.28,CVE,2023-12-23 14:39:10.822160
43835b69-2033-4b86-a86d-4d600f5e0331,2761.64,SGD,2024-05-15 14:39:10.822160
c06b3a0c-260f-40b6-8e9c-e0f8a5fd3f25,3547.64,CNY,2023-11-21 14:39:10.822160
70f01905-b946-4bc1-a67d-a3e54565b82d,268.82,LBP,2023-11-26 14:39:10.822160
03d16450-4e5e-4096-a3b8-97f71ed3e8d0,4742.9,XCD,2024-05-18 14:39:10.822160
59ef1fa8-f453-4a25-a308-5c13439724a8,1758.33,CNY,2023-12-10 14:39:10.822160
cf6af1a5-81b3-4b6f-8df4-e03f1b84cda5,2479.55,KGS,2024-01-28 14:39:10.822160
1b97ffeb-85d5-4f91-97bc-cf5161367bc1,4814.74,KES,2023-12-14 14:39:10.822160
286eca06-f97e-4bff-a714-3319e06c67eb,1161.46,NPR,2023-10-31 14:39:10.822160
71412eaf-bbfe-4230-b138-db961443612e,110.13,KYD,2024-02-20 14:39:10.822160
88f57952-33ca-45ef-a864-417899b72030,746.37,KWD,2024-07-28 14:39:10.822160
874359a9-213c-438d-a19c-5103773b1418,2737.94,CRC,2024-08-11 14:39:10.822160
65d3af0d-4663-45e4-ab8e-0bbc1f677807,2241.33,LAK,2023-11-19 14:39:10.822160
0f136130-8e46-41bd-8bf8-ad2924d3653b,4879.26,XDR,2023-10-31 14:39:10.823169
95f87424-216a-4a69-b35c-db20f0778359,325.34,HNL,2023-12-04 14:39:10.823169
e72e8d85-8947-46bd-b687-a31be9ea9696,4210.77,PHP,2023-09-22 14:39:10.823169
03bd399b-9862-441e-a021-b6ac64e858cb,1678.76,BND,2024-08-04 14:39:10.823169
b665b569-6445-47c2-bf80-bcf9eab33a98,2416.98,INR,2024-01-11 14:39:10.823169
5559c33a-2a25-4217-b194-c1b227d092cd,4634.08,KMF,2024-03-07 14:39:10.823169
603321f8-23b3-4e0c-af68-2c50b11962e7,207.25,STD,2024-03-22 14:39:10.823169
f1f5ffc2-f05d-4b1f-8533-e005d45000a4,1780.34,KRW,2023-10-18 14:39:10.823169
01d22618-4bfc-4ad8-8b56-631beed90c0f,973.25,GTQ,2024-06-08 14:39:10.823169
f2b7b84b-6009-46c9-9a2b-f515fec83d30,4265.51,GGP,2023-09-16 14:39:10.823169
f0029d8c-61b1-48e4-943a-75c0111eab55,4401.76,TTD,2024-03-15 14:39:10.823169
d5fa3cd4-2949-46f5-afc0-b74d7617826d,4283.45,MVR,2023-09-26 14:39:10.823169
4ba15af0-74d4-4d7a-bd09-fc500b792429,1625.48,XPF,2024-02-17 14:39:10.823169
15d2c7e3-d381-4927-b0ba-380b48dbebac,4314.12,UGX,2024-07-22 14:39:10.823169
b63c0066-a23d-4355-bddb-31c0ff4374d9,4078.14,IQD,2023-12-08 14:39:10.823169
72cecebf-b8dc-4566-ab32-93beeca45802,4605.52,BSD,2023-10-11 14:39:10.823169
cafce22d-8ac2-4f88-80bb-463d904279f8,344.67,BTN,2024-07-04 14:39:10.823169
efae81ca-e652-4bea-a88c-bbf302c371e4,2355.42,JEP,2024-03-27 14:39:10.823169
6c2d5c6b-ab92-4c8f-9c91-0035dc7da097,1816.9,SPL,2023-08-25 14:39:10.823169
cc625b6b-42ed-4cf3-ab49-6751c86d614a,3637.94,CUC,2024-08-15 14:39:10.823169
9184729e-4705-4e2d-bcac-9ea4f738f619,4368.89,HKD,2024-02-15 14:39:10.823169
accee06a-6986-4238-bf65-c0f92d9ee5a8,2408.84,BIF,2023-08-21 14:39:10.823169
2171e657-7b4b-4f01-910c-f3659057d6a5,3214.55,BGN,2023-09-03 14:39:10.823169
678feb17-10f2-4271-a139-dddcb20bfdcb,4341.6,UZS,2023-10-14 14:39:10.823169
7d290211-2963-4890-b40e-0e63a2631633,1652.63,CLP,2024-03-23 14:39:10.823169
777881be-bb96-40f5-b31b-1a86dcc5b5ed,4551.09,ARS,2023-09-08 14:39:10.823169
642874e3-d9a5-45b5-b49f-609db9f2cae5,3152.31,ZAR,2023-10-30 14:39:10.823169
4211b611-2ffe-49ef-9a69-1f7a0c1b9633,1072.91,CUC,2024-01-15 14:39:10.823169
fedff418-614f-4c06-94f2-8daa7042baa2,1159.36,GEL,2024-04-13 14:39:10.823169
db57446d-2dae-44d4-9ca7-2b23c4da1874,742.35,ARS,2023-09-20 14:39:10.823169
a8ec592b-03c8-4d57-9476-236543d67481,688.78,NOK,2024-08-10 14:39:10.823169
1ccb0caf-643d-4a99-bd76-68b265a44098,2831.77,ILS,2023-12-25 14:39:10.823169
3e3ddfbc-a1e5-4eff-ac21-52b1d7a0bd15,360.17,LBP,2023-10-03 14:39:10.823169
39fc937c-f778-4a6b-b863-8099037fe489,3305.73,MVR,2024-04-21 14:39:10.823169
df0ab1e8-fea6-4614-8f3e-c0199022e2c1,2061.56,HTG,2024-02-26 14:39:10.823169
2ef4af90-681c-443d-8e4e-e066edcbc2ab,4018.55,CVE,2024-03-22 14:39:10.823169
2fd375de-ceb1-4844-a1fe-3a09dba9984d,1520.88,HRK,2024-05-04 14:39:10.823169
3d8d906a-e5e2-4618-82d9-b571637f48af,631.99,MDL,2023-11-11 14:39:10.823169
1b1574b4-264b-4b09-88fe-69c0d358817b,4995.88,RUB,2023-10-03 14:39:10.823169
4c9176a1-4477-48ee-8d7c-b25cff70e79c,3854.48,GHS,2024-07-19 14:39:10.823169
5084bfd4-1ad5-4460-affb-f57004a0c5b7,3760.38,FKP,2023-10-07 14:39:10.823169
4d26e5aa-78f1-4c20-ba5c-22ebe8c2c70f,3161.39,AMD,2023-08-23 14:39:10.823169
1ec5c8da-1bf9-43c6-8d14-cf2bb061b15a,633.84,GTQ,2023-08-23 14:39:10.823169
151679ba-2aa9-4149-996d-53d6e4a85dc7,3402.3,BYR,2024-08-10 14:39:10.823169
4f72660c-05ec-44e3-9f84-1656bd7c8c1e,4749.88,GTQ,2023-12-14 14:39:10.823169
dd10bbb6-d196-4473-b422-f1dca48ae672,4378.95,CRC,2024-05-28 14:39:10.823169
6db7b3e5-9ddc-4148-be36-645ced995ebb,2220.5,RSD,2024-02-09 14:39:10.823169
30655e64-120f-4f07-87a9-39315a5fc1a2,4547.46,MRO,2023-10-18 14:39:10.823169
7296ac32-762e-4f9c-8a4b-1cba04bac8d8,4045.03,MGA,2024-02-03 14:39:10.823169
22ef40ad-e5fa-4239-bb34-1c8d32bca95e,2244.78,GMD,2024-04-19 14:39:10.823169
40be4d03-59b8-445e-9090-6d1eb8e465aa,457.09,TRY,2024-03-09 14:39:10.823169
38643040-a5f6-4944-ae3b-4afdc427c92c,4679.15,MVR,2023-10-05 14:39:10.823169
44fd2bdd-0ac1-4dcf-99f1-5a84c76c79f0,3779.27,MKD,2023-11-13 14:39:10.823169
98fb7c7a-757f-4e29-9252-5874ddd30231,4627.18,JEP,2024-02-11 14:39:10.823169
b802e07f-c2cb-4716-9dbd-83e32040b010,546.24,JMD,2023-11-10 14:39:10.823169
6a7c9e14-c63b-4420-9314-5603f4883fdd,2471.55,UZS,2024-08-16 14:39:10.823169
ca3a7d53-7288-4327-9624-8c49919ede83,1102.72,ANG,2024-04-06 14:39:10.823169
0aabdcf2-e008-4809-84a7-6c2c77fdd05b,348.78,PLN,2024-08-07 14:39:10.823169
017cbdc9-b20f-4582-9372-dd7987f0c70a,2493.17,TJS,2024-06-06 14:39:10.823169
02a10063-a187-456e-b4bc-83f807af28ba,3830.18,ETB,2024-07-05 14:39:10.823169
c9a505f3-de76-4abf-bb34-592453ebbefa,3191.84,XOF,2024-06-10 14:39:10.823169
a756d4cd-e826-430f-9344-716abd82e1d0,1145.97,USD,2023-12-07 14:39:10.823169
d169d48a-d0f3-456b-8e11-99414d8d4825,136.56,GBP,2024-02-11 14:39:10.823169
d396acd9-0f51-4c57-951d-43e0fb33d03e,3913.16,AWG,2023-10-18 14:39:10.823169
8374be16-a331-4e57-ba6a-ef6ac0d90082,549.32,JPY,2024-02-17 14:39:10.823169
443fed1c-ac6a-4021-90bd-28469cfc770c,4507.97,RON,2023-12-26 14:39:10.824162
48026d1d-af45-4368-bbfd-56562dddf5e4,1751.71,SHP,2023-12-26 14:39:10.824162
30e79ced-2d47-4c7b-84d5-851df406215a,349.51,CLP,2024-06-03 14:39:10.824162
49118db3-5621-4c3c-9f26-47b02ee683c1,4291.97,COP,2024-03-04 14:39:10.824162
5c2d7eba-9f2b-498a-a840-5889a6ec996c,4421.97,HTG,2024-06-30 14:39:10.824162
ec69ab8b-9777-4210-9b1e-d81d4cb44875,1694.75,PYG,2023-12-03 14:39:10.824162
19c1b631-3476-4f92-b87c-816f0d81f809,531.58,GMD,2024-06-07 14:39:10.824162
65fd6138-c12a-4865-a349-33422f139ccb,3992.84,NIO,2023-09-24 14:39:10.824162
6a81d72d-2be7-4dd0-a8fa-ebe1b798b796,4106.28,PYG,2023-09-11 14:39:10.824162
2cd3b285-63a2-4869-a766-d89f172366d6,4518.75,MKD,2024-06-05 14:39:10.824162
331fd2ad-3460-4b54-99a3-1ac41c3f59ee,2183.66,ANG,2023-12-06 14:39:10.824162
531f42e3-cef5-47c1-8e15-1f6aff381f42,1240.18,GTQ,2023-11-24 14:39:10.824162
a5e7da97-131e-4bdc-ba2d-921149e5f3cf,4029.6,SDG,2024-07-17 14:39:10.824162
13699a97-772d-47c1-8596-39406c0bf1af,3748.71,PGK,2023-08-25 14:39:10.824162
cde319e5-58ce-4100-a8a4-d8cdb5dcf2ed,2262.1,JOD,2023-11-11 14:39:10.824162
bc223f22-81b7-4de3-b812-71ccbbfd7684,3617.6,NIS,2023-09-10 14:39:10.824162
6c2f0e35-45b2-4a9d-b113-fea145bf581a,2901.46,SDG,2024-06-21 14:39:10.824162
4edb133c-abaa-44fe-a4c9-58512bcd15dd,2524.36,IRR,2023-12-10 14:39:10.824162
89452295-fcca-43aa-a476-59e52af0a3bd,2100.4,NOK,2024-03-13 14:39:10.824162
49c85c32-d8d8-430c-9f48-a47f004970c7,2900.08,PKR,2024-06-02 14:39:10.824162
758fe3dd-37f9-4289-8fff-03fb045e9f7b,3358.61,MZN,2024-02-10 14:39:10.824162
35b08092-2747-4575-973b-2766a7f74873,2252.9,SZL,2024-06-24 14:39:10.824162
0be96a55-e837-45be-ada4-45f569c6bad9,4674.59,KYD,2024-04-28 14:39:10.824162
79c9ab70-1dcb-48d1-a313-43b26ca35e82,4797.18,WST,2023-09-03 14:39:10.824162
8bd68b16-6b5f-4349-9000-e1e6c0c4d9d8,4393.0,WST,2024-07-14 14:39:10.824162
776689ba-3f5b-4779-b5ed-29fc4c283a56,496.27,THB,2024-06-13 14:39:10.824162
bcfda6fe-0ad7-4da7-b4c4-dd4abea029e4,3257.0,NZD,2023-12-22 14:39:10.824162
4c2572a6-de9b-460a-8034-c5278a4e4f03,288.03,MGA,2024-05-19 14:39:10.824162
acb558cb-a785-49e9-b601-6c844b8d5665,2177.21,XOF,2023-08-27 14:39:10.824162
8dc846e7-afbd-44ca-b3da-740c055732b7,4692.44,TMT,2024-06-27 14:39:10.824162
52f6d1fc-ee18-4fcc-bd7f-ae42a79d1ed0,374.62,LRD,2024-01-25 14:39:10.824162
aa3d7c31-d2b0-4d93-b943-72bbeb199582,2845.59,VUV,2023-11-10 14:39:10.824162
db0cdb26-94bc-408d-9411-a6c383fea98c,902.61,BMD,2024-03-07 14:39:10.824162
cd510707-6b7c-424d-a4a1-d61dc11fe1ed,1756.77,MRO,2023-09-19 14:39:10.824162
4c8bea82-adfe-4b03-b866-f8bde6619db9,3500.52,PKR,2024-02-22 14:39:10.824162
0ba3978d-e7aa-4530-b005-3ba0a197f0e4,2280.64,UYU,2023-10-09 14:39:10.824162
d4ecebfc-3b23-4672-abc8-7ef4ce254609,3425.84,BBD,2024-08-10 14:39:10.824162
7891ed7c-338c-487c-ada2-6f74b75b0c39,349.97,MAD,2024-05-27 14:39:10.824162
3299e337-4d38-400a-8b8f-e06ca9573e4b,2323.5,BYR,2024-03-08 14:39:10.824162
2dadddb7-2d95-4f7d-b3c3-e98b2a68ba6e,541.73,PAB,2024-07-01 14:39:10.824162
321e5c0e-cdc7-41f4-b3b3-2dcee9fd58b2,264.94,UYU,2024-08-10 14:39:10.824162
c40eaa38-fde6-4218-8cb3-f7ce5bd09634,2940.44,KYD,2024-05-25 14:39:10.824162
919a834e-7a37-41a1-a93a-a95a0c9e264f,1279.97,PGK,2024-05-13 14:39:10.824162
250bbcff-eaec-480e-9913-d99a770bdb69,1089.05,CZK,2024-04-29 14:39:10.824162
74518c12-7d37-4318-af9c-9a99ff0d7904,3088.55,KPW,2024-06-26 14:39:10.824162
c800f6a8-1990-4edf-ad6e-7b33d9aa2215,3405.11,TZS,2024-06-30 14:39:10.824162
9e3ead98-ae05-4a95-b70d-152ea6db8177,586.68,BMD,2024-07-31 14:39:10.824162
ddced9e1-547e-4941-8777-fc47985e50f6,462.77,NPR,2024-06-24 14:39:10.824162
46036f9d-85fb-4ff6-ba1e-9e1650c152d6,2021.43,UYU,2024-03-16 14:39:10.824162
24886714-2d31-4fff-aac1-ec9311cb2af7,292.83,MGA,2024-06-15 14:39:10.824162
bb684d95-55c5-4162-9473-aaf80efa38b7,4195.63,BDT,2024-06-13 14:39:10.824162
772ee50e-77d2-45aa-951a-425c5457604e,3654.2,MYR,2024-07-07 14:39:10.824162
32cfba2b-53a9-476a-a408-036f8913db38,2040.26,PYG,2023-09-18 14:39:10.824162
cc93ca4f-3a57-46cc-a8fc-32cd809fdae7,4557.36,CDF,2023-12-16 14:39:10.824162
7a0992a7-eca2-4ffe-9f10-61a873b6e0ad,2111.35,TMT,2024-05-30 14:39:10.824162
de34b29d-a558-43ef-9c15-3ab1813ada6d,2816.67,DJF,2023-12-25 14:39:10.824162
06768f92-4783-4b0d-9db0-5ea08596b3c9,3100.7,SDG,2024-03-03 14:39:10.824162
ba2af48e-6a20-4f62-9208-5a8e226a0ea6,4058.28,SOS,2024-05-28 14:39:10.824162
980cdbae-c9ba-41b4-9df0-4017d322d8e8,1179.63,UYU,2024-06-17 14:39:10.824162
748d9807-3183-47c7-83c8-637c00b9f45b,3758.74,SDG,2023-11-17 14:39:10.824162
207010be-2953-449e-814b-9513256e4427,3271.9,MVR,2024-05-31 14:39:10.824162
b06be455-06f0-4017-8b2d-04287c0b938c,1191.16,IRR,2024-01-31 14:39:10.824162
a5ce2340-117f-4ba9-a1cb-3b02c6ab1228,4226.02,PEN,2024-03-10 14:39:10.824162
bf9da92e-df7d-4e81-83e6-c63d4d199aec,657.9,MGA,2024-06-09 14:39:10.824162
20c4e875-2f88-48b5-a6e5-5f0f134e0292,1199.73,SRD,2024-03-22 14:39:10.824162
72912ad6-5d00-4498-917b-24e80e471488,3202.26,KZT,2023-09-20 14:39:10.825165
aaf3e58c-fb20-499b-afe0-d9588ff64d85,1617.61,HUF,2024-06-26 14:39:10.825165
50dc20b2-caa2-4d1a-b79a-ec73c8d201a8,2467.81,AMD,2023-09-08 14:39:10.825165
9a1d9ef5-fc12-45e7-b392-42ab1ccb2290,1315.85,TJS,2024-06-12 14:39:10.825165
fbf77ce9-d7b1-41c5-9f04-6c93e2611fab,1584.45,TRY,2023-12-23 14:39:10.825165
40487891-d537-4cbd-b383-8e19ade8a13e,3771.8,SCR,2023-11-01 14:39:10.825165
4e5f6bc6-36e2-4ab9-b1d6-9c9763e9c836,4613.46,SAR,2024-06-07 14:39:10.825165
8f80d723-7406-4849-8045-8fa7229018ff,3000.99,BRL,2024-01-24 14:39:10.825165
5363435f-2676-4eac-9c82-56355604f209,2157.6,KMF,2023-12-05 14:39:10.825165
1bdb0c29-a115-4d81-a145-526bb0d5b38b,2490.81,TTD,2023-08-26 14:39:10.825165
ce8dd6ce-8218-47e9-b7d8-8f784ec33f1f,4111.43,AOA,2024-01-18 14:39:10.825165
0f572093-aeb2-42e8-91fb-f88ba8332665,1273.18,ETB,2024-01-30 14:39:10.825165
65a4d3c9-7053-4524-9774-c66e49ab0c1f,1960.34,HNL,2024-02-09 14:39:10.825165
277175cc-991c-4a1f-a46b-62b66ca56950,1694.45,CUC,2023-10-21 14:39:10.825165
931d2752-17b1-4b93-96c2-d256398f5790,2817.91,KGS,2023-10-12 14:39:10.825165
2b34e9ab-9b48-4d7c-9cdd-826fbdac9b3c,1352.86,KPW,2023-12-07 14:39:10.825165
f711dc63-2570-435c-b6d3-ad000199eb75,3053.12,SRD,2024-08-20 14:39:10.825165
dfd7cd87-378a-4e30-b4a7-2bb36b34fafe,1629.51,MZN,2024-05-31 14:39:10.825165
78165d77-feae-429e-893f-2aa895bad4d8,3884.41,IQD,2024-01-23 14:39:10.825165
721f1fab-5d59-4894-9aa8-b815de0b7e25,3622.31,SEK,2024-01-21 14:39:10.825165
8f9a245c-fcf2-411a-bc68-646d4cb967d6,3839.45,NPR,2024-04-16 14:39:10.825165
23f4a53e-c88d-4a59-b734-d6640ba5ee9a,3720.64,SRD,2024-05-03 14:39:10.825165
9f072fcc-da84-4144-9eb4-2f6fde448592,4808.64,UYU,2024-01-07 14:39:10.825165
17fa0ba4-e2f8-4b69-bf8f-7cb09c889584,820.4,TZS,2024-07-20 14:39:10.825165
03553a48-8967-4b80-8a35-9cf002b43c95,4515.98,MKD,2023-12-06 14:39:10.825165
475425ea-448d-414a-b159-fb56d88f6661,4350.04,BGN,2024-05-16 14:39:10.825165
f041cc9f-ddcc-4ea0-a65f-636c3f33c68a,890.7,FKP,2024-01-09 14:39:10.825165
48f08914-c28f-48a0-9719-2021a0fe3852,2041.42,LTL,2024-03-11 14:39:10.825165
c3a9378f-d3f4-4959-b7a6-e14d75458745,3260.88,GNF,2024-04-01 14:39:10.825165
a172a1d0-6e51-47c5-acbe-b1a86c289ab5,4286.6,KES,2024-03-11 14:39:10.825165
6da70f7a-211d-4ec3-8f88-c4e1470e8f35,862.13,KZT,2024-05-09 14:39:10.825165
f998a0ec-922f-496d-aeb8-a1eb56664ca5,3998.36,ARS,2023-09-18 14:39:10.825165
d5536b1f-d9f5-411b-8b04-82ee168557fc,4314.62,LAK,2023-12-01 14:39:10.825165
2cb84e03-b9aa-443d-9451-0f0e7431de8c,2924.4,CAD,2023-10-08 14:39:10.825165
7366d065-8224-4662-8304-454710725cea,4889.4,KPW,2023-11-27 14:39:10.825165
e1033465-79a1-48a1-a08d-9b8744a22129,4667.45,GBP,2024-08-16 14:39:10.825165
2a67bd18-0a72-49e8-9a03-f664b18f2474,4571.18,GMD,2024-07-26 14:39:10.825165
a4761cba-b50e-4088-9d26-5a0d4982b4d7,3196.67,TRY,2023-08-26 14:39:10.825165
3b76ef08-1fb5-4350-8c28-598e0404e41b,294.95,ETB,2024-01-15 14:39:10.825165
ee5349c6-a17d-40ce-9e6f-74481f7eeef7,779.9,HTG,2024-08-03 14:39:10.825165
72ae8e6e-4fe8-4877-8a96-721d86b441e0,1390.9,GBP,2024-06-04 14:39:10.825165
507df906-8ed2-41e8-88d3-78b7f6b8d9a0,4285.14,BYR,2024-05-01 14:39:10.825165
4483fa92-a72c-41b0-a00b-f96925f96f8f,902.81,ANG,2024-04-05 14:39:10.825165
e6c11455-92b0-4ad0-b020-a8312460a51c,3191.52,MZN,2023-09-18 14:39:10.825165
21603a46-f5ab-43de-baad-74a03ee2628c,2093.23,MGA,2024-08-01 14:39:10.825165
ff6c362d-e1d0-4046-9ed5-3155012848ed,2101.14,XOF,2024-02-20 14:39:10.825165
7aad2532-c924-4745-a95e-d92843c42a91,2974.34,ALL,2024-01-01 14:39:10.825165
724e91f1-c169-4cf4-987d-fec3070aa2ae,4624.12,NOK,2024-07-09 14:39:10.825165
777239db-2eb9-411a-bf3b-ae78c7dce1e4,4717.39,CZK,2024-07-22 14:39:10.825165
29823e0e-3917-4f9e-8282-7662d458a997,4459.5,THB,2024-03-09 14:39:10.825165
eb130d1b-4141-483a-a4bc-9a62f3cb3e42,1277.89,SGD,2024-07-21 14:39:10.825165
e4ba5039-7957-4f21-abf3-ec0f928c660c,2298.98,USD,2024-03-30 14:39:10.825165
3235a384-9386-42ca-9d3f-ae3c20882c83,3889.12,LTL,2024-06-22 14:39:10.825165
9334a3c7-7ec6-46ec-a974-ca781577f83b,507.57,XDR,2024-04-24 14:39:10.825165
ec11bd3b-b834-4bd2-ac00-b8b581b5281b,3926.99,SEK,2023-09-17 14:39:10.825165
29515fc9-5db3-4a1e-9f79-9db7806c414e,1403.19,BZD,2024-04-24 14:39:10.825165
04f5b54c-4334-4395-999e-af03abd693cc,2021.32,ETB,2024-04-23 14:39:10.825165
c0b45e50-0f91-44e4-bd5e-7ec2d6cc24ea,3906.17,KRW,2024-04-16 14:39:10.825165
f3f95b46-31b1-40f8-8231-95eac2c13703,1778.45,KWD,2024-04-11 14:39:10.825165
0a2cfb31-6f1b-4b77-a97c-7f7a0342215e,4204.12,ILS,2023-12-27 14:39:10.826126
72ae6612-400d-465d-9e23-2cfddf148073,4466.9,SLL,2024-06-09 14:39:10.826126
23fe06cd-adfb-446d-bb6b-6d78d885ac56,1313.75,GHS,2023-12-21 14:39:10.826126
9e16737b-b006-4ee7-9e68-194d1ace3849,2832.93,BSD,2024-05-08 14:39:10.826126
f80025d6-966b-4dd1-b105-4fe41b974fbc,3549.25,YER,2023-12-28 14:39:10.826126
dfadbbbd-c14e-4c21-800d-33de4a45e5fe,3219.22,LSL,2024-01-18 14:39:10.826126
b44dfe36-7eda-4307-b46b-736f0fd86e71,1842.76,LKR,2023-11-08 14:39:10.826126
b08734bf-10f8-46ea-b89d-c3d1857d9453,622.3,HUF,2024-03-23 14:39:10.826126
3b7776a2-c1b4-4069-af59-86ad3acdb1b8,2980.47,CDF,2024-03-05 14:39:10.826126
21955766-39fa-4ac9-b661-05063185f026,4537.67,BTN,2024-07-02 14:39:10.826126
a5ec2bbe-076b-4f3b-858a-d99f06c32b86,1580.59,UZS,2023-11-13 14:39:10.826126
a9c844db-a0c3-43fd-9855-956ae163bf5d,4964.95,AUD,2023-09-05 14:39:10.826126
99676287-b93d-4b9e-80b9-5397039f4429,3312.01,MDL,2024-07-21 14:39:10.826126
633daba9-7124-416a-98f7-427d0a3041a3,109.73,BMD,2023-11-12 14:39:10.826126
aa1ef763-8d26-499b-aa7a-ffd1e546a075,1105.69,SVC,2024-08-04 14:39:10.826126
3ea3d678-ae09-4a5d-90d6-63f7af31600c,2604.7,LKR,2024-03-04 14:39:10.826126
a4714802-b7ab-461a-a5d8-5cfc2ee9de3c,2838.29,CNY,2024-05-30 14:39:10.826126
01314a17-6171-49f7-980d-896b9125d6b8,821.9,CUP,2024-08-05 14:39:10.826126
2226f843-d856-40ed-91b7-8a2fcfbb3521,1507.75,KPW,2024-07-27 14:39:10.826126
6d5c7f98-bb54-477f-98ca-83b89223592e,4771.17,KES,2024-02-07 14:39:10.826126
02ece88e-cd21-49b3-aeb0-821948f82579,1853.19,SZL,2023-12-08 14:39:10.826126
6ce40ace-96c4-4a78-8f28-c2790489e21e,1650.42,RWF,2023-12-26 14:39:10.826126
8dd3c147-d393-49b1-9154-f1f2f1b87abe,4570.34,HRK,2024-01-19 14:39:10.826126
fe4b5acc-06b4-424d-a3c4-dd1faead218f,2888.33,RUB,2023-09-27 14:39:10.826126
ecdedc2e-9668-4de7-a8c3-78cf6d6a5d65,2092.71,AOA,2023-12-18 14:39:10.826126
f218648c-018b-4ca0-b895-dbf7b18ad484,2017.44,CDF,2023-09-13 14:39:10.826126
0a6cac9f-1610-4891-8a0e-e4e3748afcd6,1671.64,XPF,2024-01-14 14:39:10.826126
d59ca1b8-4d95-4c1c-afc9-f2be8e93051e,3648.5,SCR,2024-03-10 14:39:10.826126
27cdbec0-4049-46fc-8ed3-9f623894e09e,1161.54,ARS,2023-09-19 14:39:10.826126
0a74f7e2-6767-49fd-82fb-740c0bb4e7f6,1486.6,PLN,2023-09-14 14:39:10.826126
6525bf9e-9e2e-48f6-b839-800a4f6e3dd9,884.52,XOF,2024-05-16 14:39:10.826126
b3a771ea-2b1f-44f8-9017-e88abdc39aa6,1178.07,ZMW,2024-06-23 14:39:10.826126
db03d208-ba9c-4802-9a32-dac825e6a881,650.51,ALL,2024-06-29 14:39:10.826126
af771c8a-6f00-405b-a272-1b7e41801f7c,860.56,GYD,2023-10-02 14:39:10.826126
3f0e69e8-8637-4278-a4a8-e6fca5755d30,2790.17,TMT,2024-03-15 14:39:10.826126
db49a644-baf2-458a-b55b-235c6dfe7721,4900.33,BOB,2023-11-29 14:39:10.826126
34954559-ee7f-42f3-bbf7-2e19dc5ae2df,1929.47,NAD,2023-12-15 14:39:10.826126
08a5b3a4-1290-4f31-a8c5-d213fdddf5aa,782.44,LSL,2024-06-07 14:39:10.826126
7a645127-cadf-4afa-b00f-a7575567cc9b,2317.49,YER,2024-05-13 14:39:10.826126
4bf41978-621b-4099-88c7-40dfe014da3a,3319.09,PYG,2024-04-02 14:39:10.826126
dfef1902-4186-48a6-bd2f-df28cf123a99,2167.07,DZD,2023-10-21 14:39:10.826126
184d0d4e-bedd-4763-861c-f72d574cbcea,4913.52,RWF,2024-02-11 14:39:10.826126
70f1cd35-ac5c-4f5f-aabc-7db1d45ae51b,3044.35,MYR,2023-11-21 14:39:10.826126
659e411b-e58f-4495-ae5d-61fccf110744,1144.02,TJS,2023-12-03 14:39:10.826126
a568fa89-b074-4c77-bdce-e2853ebf94c1,3399.94,BWP,2024-01-16 14:39:10.826126
6ffd40fb-30b7-43b9-afa0-15439a5475fb,1099.42,ANG,2023-12-21 14:39:10.826126
205cdddc-7ec5-45cf-a4ab-99c7b3ac1955,1440.5,NZD,2023-12-20 14:39:10.826126
0d16bb0e-8eed-406e-a661-098d60283487,4386.09,HUF,2023-10-06 14:39:10.826126
d9f7e5f7-f978-449f-9223-b83d912e7a69,230.52,PEN,2023-10-22 14:39:10.826126
9461047c-eee6-4548-92e3-e80b73b50c79,3562.96,BDT,2024-02-28 14:39:10.826126
4f83ea0a-6b0d-4946-8d8d-a1eac48cd8e0,1720.47,CNY,2024-01-26 14:39:10.826126
92570a37-9d7f-4436-b658-52cd76a596fc,3312.76,VND,2023-08-23 14:39:10.826126
fc5a5f9b-b752-44e3-9815-2cd204cd3cec,4280.33,VUV,2023-11-13 14:39:10.826126
04cb74f6-da5b-4c96-a4b5-a64967526e80,2815.38,MVR,2024-06-05 14:39:10.826126
0c51ed63-3372-41a9-beb9-05aea9f14d0b,3907.93,MMK,2023-12-02 14:39:10.826126
d64dbf43-ab38-4177-8a36-22eeba0e1780,1834.71,CAD,2023-08-29 14:39:10.826126
a41e1398-9737-4c83-be53-51b5189370c4,1244.97,NIO,2023-11-03 14:39:10.826126
0fed2368-9669-4f5e-9ac6-79ea29ce4489,2831.9,JOD,2024-05-20 14:39:10.826126
54617c0e-933b-4144-957b-26c9ebadd173,2136.1,BHD,2023-09-10 14:39:10.826126
7737ab05-22b9-457e-9d7d-8555aa041a7e,351.85,PYG,2024-01-06 14:39:10.826126
23884af2-6a8b-4a74-b64c-402d96061eb3,3988.37,NIO,2024-05-17 14:39:10.826126
4584402d-e80d-4544-bf13-b9318664ce9f,3400.74,ZMW,2023-11-05 14:39:10.826126
2b0ff91e-d03b-44f6-80ec-08c175fd499d,2053.4,KRW,2023-08-27 14:39:10.826126
5cd0aa91-abd1-4d64-b3ff-d9d17ba61a37,3413.95,DOP,2024-03-28 14:39:10.826126
e53b54ee-746a-41b7-8525-274ef10a97e6,3987.81,GBP,2024-03-14 14:39:10.826126
ea1c9bab-f56d-45e6-9489-bac3e2e89931,845.68,BND,2024-04-05 14:39:10.826126
2935d2af-2841-493e-8173-6b866da33b01,1379.94,HTG,2024-04-12 14:39:10.826126
eb425abe-8d55-427f-a080-ae06a54d0e5e,2760.88,GYD,2024-04-08 14:39:10.826126
1df63f7f-c014-4459-a295-4f2965e91849,4087.11,NOK,2023-11-01 14:39:10.826126
4fb2678b-f9fb-4b29-b321-d3b2147cbfe9,661.25,SBD,2024-07-22 14:39:10.826126
5936c757-2448-41a8-be5d-d77f94748472,3890.53,PEN,2023-09-30 14:39:10.827170
8f8d0f6d-12c0-4d3e-bbe5-a4ea66e0b458,4319.14,IMP,2024-02-11 14:39:10.827170
588ac5eb-9fa8-42ce-bbf7-b079e1b8499e,1443.92,AOA,2024-03-04 14:39:10.827170
b56aaa28-d302-4645-930a-4fdcb7c8dad6,4762.4,EGP,2023-09-05 14:39:10.827170
1d38c64c-135a-4b01-a4da-bb194955aa6a,3173.85,RON,2023-10-26 14:39:10.827170
a5a65538-b3fd-488e-972b-c4f461f3c4ef,3718.55,NIS,2023-11-20 14:39:10.827170
789e71dd-2805-4933-a1c2-11788c8d2826,4791.27,AMD,2023-12-16 14:39:10.827170
af7f7850-3758-42eb-9179-c98bb977fb0a,4723.05,TTD,2023-12-19 14:39:10.827170
4b34a0e0-9a85-49b5-b92b-e1eca864afc7,2959.81,BRL,2023-09-03 14:39:10.827170
0bb560da-bc2a-44a2-8e80-e253883b3b7e,3369.86,RSD,2023-09-27 14:39:10.827170
27661553-c03e-4fdd-a19b-cea6364700d1,732.91,NPR,2023-09-06 14:39:10.827170
85e2c963-ff05-470e-a59e-b0e84929ac79,196.52,AWG,2024-04-23 14:39:10.827170
d96006cb-ac59-48d2-bdde-c6b11e4877f1,1764.96,UZS,2023-12-31 14:39:10.827170
7d73d9d3-3994-438c-96be-1d168cf6fd77,4557.78,XAF,2023-11-29 14:39:10.827170
7823dec4-4815-4529-9e6e-09da91c9dec9,556.79,SDG,2023-12-04 14:39:10.827170
acd0e189-6265-40a6-bea7-4119e2bbfe90,471.43,LBP,2023-08-31 14:39:10.827170
736c8019-9126-48c9-950d-eea6f793c2cd,3885.51,MUR,2024-05-06 14:39:10.827170
97e9e25f-09f2-48bf-afb2-352fe2113c41,1334.24,MYR,2023-11-10 14:39:10.827170
2a7be232-527c-4106-9039-04e793a13231,3375.1,TWD,2023-12-20 14:39:10.827170
3059d84e-891f-4b29-b907-73f50318bebc,483.06,BHD,2024-03-16 14:39:10.827170
51c6faa7-65ca-44f1-9cf6-44fd1948a145,4007.59,SAR,2024-01-26 14:39:10.827170
5f28aed2-8da7-49f7-aca9-228a5bb1d1f4,3886.1,UZS,2024-07-31 14:39:10.827170
7d034f69-597c-4553-9818-9fa3a59114e3,4024.45,SEK,2023-10-23 14:39:10.827170
6a4ac65f-24c7-46c8-a588-a28388263028,3123.66,KPW,2024-03-11 14:39:10.827170
bf34586c-ae67-4237-b309-35602c38527c,2758.36,BHD,2024-04-25 14:39:10.827170
cc552a43-77df-4288-abbf-12ac9b539fff,4536.64,XPF,2023-12-01 14:39:10.827170
640768b8-2aa4-447c-b85e-0792bea556bc,2659.28,AMD,2024-07-02 14:39:10.827170
2734a3c9-f00b-4939-8bf9-249690ed66c1,248.34,ZAR,2024-06-19 14:39:10.827170
4f039e32-e3c3-4671-962a-8c23179d2779,4553.26,JMD,2023-10-24 14:39:10.827170
f8f6a366-bc34-468d-bd60-14d9fe3e1756,233.5,TOP,2023-11-22 14:39:10.827170
c30e3dc7-570a-4f3d-9976-c9517c6aef9a,2285.61,KMF,2024-05-05 14:39:10.827170
48cc8576-dce0-4b85-81df-76f525d6fee6,1300.54,GYD,2024-01-10 14:39:10.827170
d37e5d71-20ea-4d0d-b7f7-72c16fc7faa9,2274.19,CHF,2023-11-14 14:39:10.827170
cdd00354-cf74-43ab-8a53-48f602892d62,4382.77,TJS,2023-08-21 14:39:10.827170
f5032cd8-8e2b-4486-818d-abdb40fc7366,2327.45,UYU,2023-09-18 14:39:10.827170
005f78cb-cbf7-486e-b603-9f113885c78d,4130.33,MAD,2023-12-22 14:39:10.827170
1d5800ee-a891-4ab8-a5be-f0fd114c9dc9,4971.43,SPL,2023-09-13 14:39:10.827170
6f465a3d-07a7-4177-961c-1a84473e818f,304.17,COP,2024-07-29 14:39:10.827170
23f64aa3-d13e-40cf-8fdf-0ee36dae31bf,1104.56,SRD,2024-01-26 14:39:10.827170
13d744f7-8d5a-4741-881d-a748c8389ae6,221.42,CUC,2024-01-04 14:39:10.827170
7552d8e2-1ec7-4901-867f-7cc5ec3ad9b3,2652.1,BND,2024-04-06 14:39:10.827170
9e1a8fee-a88d-4ec5-9ea5-fd61c3adec9d,460.61,TMT,2023-09-11 14:39:10.827170
d164872d-5e94-4d22-a3b9-ab083c48588e,4362.97,KPW,2024-07-23 14:39:10.827170
727920fd-395d-4734-b622-3b60b9a02e01,1961.96,INR,2024-01-10 14:39:10.827170
d8c565c6-ef1f-4d93-8b7e-5c158ec433d7,3346.35,SVC,2024-04-07 14:39:10.827170
e2b502a5-f358-4c29-968f-9a9edeb47000,3518.38,KRW,2023-11-19 14:39:10.827170
fba423b2-5970-4c4a-8adc-3e07622b5465,4735.58,UGX,2023-12-11 14:39:10.827170
4ba761c6-20df-4b6d-a86d-33de68634aa9,4384.51,TND,2024-08-15 14:39:10.827170
0e9027ac-22a4-4e0e-8ac9-024525e670c5,3751.86,XCD,2024-03-30 14:39:10.827170
a12a0c4c-e223-479e-87bf-f55924d4bd38,2574.75,JEP,2023-12-13 14:39:10.827170
af67a3d3-e722-477e-a93c-2c1bb1a035b0,3992.01,SVC,2024-04-04 14:39:10.827170
5353fa83-e9f5-453f-b127-11b3dffb100e,2265.98,SYP,2024-07-14 14:39:10.827170
71144e8f-05cd-45e0-ae02-0b1c16a66b65,3266.3,TOP,2023-11-15 14:39:10.827170
6f043b89-6f9a-43d8-9763-25df750059a6,1406.64,AMD,2024-01-11 14:39:10.827170
464c9f62-5448-4b1f-994d-e07cd3c9614c,928.72,CHF,2023-10-21 14:39:10.827170
da794a62-3868-4c84-bd74-3ee117772902,4114.89,LKR,2023-11-04 14:39:10.827170
d33c5828-ce99-407d-b5d2-517265e79aee,3063.57,PYG,2023-10-10 14:39:10.827170
8efc6072-2157-4bf1-b7f0-cd936533615e,3989.14,MXN,2024-03-14 14:39:10.827170
073413e4-b75a-4775-aa1b-131d3bea8bbd,1729.68,CVE,2024-04-05 14:39:10.827170
68638e2c-70d2-4f76-a2a0-b492e0bc5ee5,3685.0,TWD,2023-08-27 14:39:10.827170
3b2eaa89-f1cb-4e7a-9825-be3bbffdf863,3281.57,TJS,2023-12-16 14:39:10.827170
2e8f20ae-2fe4-46fd-81a0-895f1bb583d0,3567.76,WST,2024-05-12 14:39:10.828159
4f1f3131-25b7-47b4-9b1d-1514f27ecd43,884.92,XCD,2024-07-13 14:39:10.828159
f917ef42-8bf8-4dd9-8237-d33aeec0b1cb,3796.68,GGP,2024-02-27 14:39:10.828159
f6c5630f-4d68-4ae3-8fb1-e7272af491a6,4743.74,MWK,2023-11-06 14:39:10.828159
a00eea75-1140-4feb-8db7-bbc8bd4340c9,3166.17,JPY,2024-07-07 14:39:10.828159
1dcf1c9e-86f6-4e9b-9d81-2acda1e998ed,1218.77,COP,2023-11-22 14:39:10.828159
7484aa97-e1e1-4bf2-856c-e704cf88d5b3,2935.4,BMD,2023-10-29 14:39:10.828159
21a1d89c-714f-440c-9071-8234eb784884,1875.69,LKR,2024-01-19 14:39:10.828159
5bd05da2-7cd3-44bc-8816-6f990383e401,3569.91,KHR,2023-12-11 14:39:10.828159
0147370a-baad-4822-bc6e-5940625f86e7,4401.04,JEP,2024-03-12 14:39:10.828159
3ac79859-e359-42c6-951f-38818e35ecca,4934.73,STD,2023-10-26 14:39:10.828159
460ad5ad-ce01-4ff2-a773-2c929b7d8a70,2660.12,MDL,2024-05-10 14:39:10.828159
2efef6d0-a30d-4886-8c57-199710e3a208,3050.83,TTD,2023-12-14 14:39:10.828159
2ec85644-f44b-405a-a259-533424dfce13,4979.18,BMD,2024-07-22 14:39:10.828159
40982ca6-29c3-419d-a470-6762a6a47cb5,3494.57,MZN,2024-04-09 14:39:10.828159
146c6395-05e2-4890-b4ee-4d838dca5d24,3857.8,XCD,2024-05-01 14:39:10.828159
24ff966f-aae9-4d3a-b287-35d9c5d667eb,2840.18,LSL,2024-01-28 14:39:10.828159
be7816a1-e3e8-4e52-82f8-0ed3f1f490c0,3738.61,SRD,2024-02-20 14:39:10.828159
dca1fb14-af2e-452e-940f-db5d5e3fb3e8,2495.63,VND,2024-05-10 14:39:10.828159
8cad5684-0627-4356-9bf7-2928d76f287f,194.28,NAD,2024-07-08 14:39:10.828159
389bc5d2-39ef-47fd-b404-cc70b37d8fed,1179.27,TMT,2024-04-24 14:39:10.828159
bf64ec3c-e6ce-4fdf-b927-6631743aa442,1217.93,WST,2024-05-18 14:39:10.828159
9804d05d-d550-42ef-a226-3068bd12e3a5,2845.99,PYG,2024-01-22 14:39:10.828159
e1adafee-c0ac-416a-b618-18ae5bcd9d92,4002.14,PGK,2024-01-30 14:39:10.828159
f29e5151-f550-4ea7-8197-8cb072e6dabb,2050.26,ISK,2023-11-12 14:39:10.828159
a14d8a27-aaf6-4d20-9411-75dbc26e12d2,3601.29,MRO,2024-04-14 14:39:10.828159
1481fc25-a384-49fe-a073-35ce5fcc7bcb,1303.21,IQD,2024-04-23 14:39:10.828159
e1b64060-5d09-4fdc-afce-36c70277751b,4852.3,LBP,2023-08-25 14:39:10.828159
e81c9a2a-d8c4-4a36-a44f-4a7969a8ca47,535.1,MOP,2024-02-15 14:39:10.828159
88e0a1ec-8b44-4f32-ab4e-09fe94ecc221,715.27,AOA,2024-06-02 14:39:10.828159
21fc2094-c730-4b25-b1c3-4e6511c92add,1981.25,SHP,2024-04-03 14:39:10.828159
d6158e61-1522-4033-a5e1-42af7c1dfd90,3443.96,MDL,2024-06-10 14:39:10.828159
dfb8383d-a381-48c9-ac81-b6f7150045b7,1395.15,NOK,2023-11-06 14:39:10.828159
f065153c-bae6-4b71-86ec-a2b91e5a462d,1594.78,SCR,2024-04-29 14:39:10.828159
014e19c5-0aa1-4448-ac50-692c29eefa4f,1899.26,BDT,2024-01-12 14:39:10.828159
48c3567f-96c7-4ca3-8ed6-5c01428e1faf,177.44,HNL,2023-09-11 14:39:10.828159
e9f98edd-71a2-4a93-aabf-16caa1c1e341,1586.28,MZN,2023-08-25 14:39:10.828159
41bd4c02-e15c-4383-a9a0-654a99917bbf,3164.71,NPR,2024-03-27 14:39:10.828159
7511d2cd-98a5-4085-aca6-38986e3d7b5b,978.24,EGP,2024-03-07 14:39:10.828159
26cb383b-8958-4750-9c61-f7ad707a057f,2413.55,XAF,2023-08-26 14:39:10.828159
942609a0-2ee3-4eed-862b-946a47997335,2197.25,ISK,2024-07-08 14:39:10.828159
a73ed217-803f-4fc4-a8b8-8b456a07ee74,4650.94,PHP,2023-09-01 14:39:10.828159
6190c69f-332d-44ac-a31f-36efbf4e198c,880.46,LTL,2024-07-15 14:39:10.828159
67105ea0-0588-4e38-9811-6ab3f80da82e,2000.72,BYR,2023-08-30 14:39:10.828159
154a6ae5-8a68-4eb3-ba47-7e99d5a6683e,2813.56,LYD,2023-08-28 14:39:10.828159
2cd899bd-af64-4b32-9b38-26e6fc2a7083,4403.39,BHD,2023-10-14 14:39:10.828159
1f97b6e3-bb57-4117-a632-bd112a5386b9,1732.71,NAD,2024-02-07 14:39:10.828159
adc83d17-47eb-423f-9108-04db1869d41b,3587.74,MXN,2024-03-10 14:39:10.828159
43eb964f-e810-4175-91e3-10065b2058a1,3876.51,XPF,2024-04-11 14:39:10.828159
1ff22316-5340-4d8d-9914-69cd40bd3138,221.07,KWD,2023-11-07 14:39:10.828159
5dc067cf-4407-47f0-9677-342368f16856,4783.32,ZMW,2024-05-01 14:39:10.828159
970a1f7c-8ab9-43e9-97ea-2fa887818646,2775.96,ZWD,2024-05-11 14:39:10.828159
3d674c8c-ab18-468b-829d-30b266bf9fef,3456.82,YER,2024-05-01 14:39:10.828159
58616a9c-c6d2-439f-97cc-ef8a065464dc,4471.81,MKD,2023-09-12 14:39:10.828159
31f2591c-c5d1-4f26-80d0-e58e1e4023bd,3520.86,LKR,2024-03-04 14:39:10.828159
d068627a-e998-4c30-9c69-a89f73e1bc17,4379.5,SAR,2024-01-25 14:39:10.828159
d129138f-afeb-41e4-a181-af35db3e8a8c,4361.33,MKD,2023-09-26 14:39:10.828159
c32fde7d-b949-4a01-b2e7-42a7f4e2a443,341.64,XCD,2024-07-05 14:39:10.828159
65c547a2-5b56-471b-bbe0-b72b7d3de2ba,3028.36,MDL,2023-10-23 14:39:10.828159
e4fe67e7-5e6f-4db4-8050-fb9a570a0ebe,2420.51,UZS,2023-09-05 14:39:10.828159
bf929535-a09d-4e0b-b7a8-ec52f9876cd4,3592.62,ANG,2023-09-19 14:39:10.828159
e4b0601e-258c-4bc6-90ba-2569016ece3d,4251.22,FJD,2024-08-07 14:39:10.828159
188b26fb-fe43-406f-8435-619be743cbbb,761.88,MDL,2024-08-11 14:39:10.828159
e69e4c1a-4aae-492c-8dbd-3eb59b498ce0,4214.23,SLL,2024-08-07 14:39:10.828159
fc45eb58-9f9a-46ac-b4ad-cad22231b26d,2918.61,YER,2024-07-22 14:39:10.828159
86be83ee-c516-4e0c-9158-d39ece7386c1,3689.59,SDG,2023-09-23 14:39:10.829164
299de12f-775c-481b-a219-d8e6e2dde0d4,420.98,SYP,2024-07-19 14:39:10.829164
7245f8ea-dcf7-472c-801c-80bbb45864fe,1987.7,DOP,2023-09-12 14:39:10.829164
24bd377f-5527-4e77-bcf2-30769b527d49,4275.74,KZT,2024-05-28 14:39:10.829164
6b08ccf3-8410-4828-ab86-3ddbaa24a875,1191.69,KMF,2023-10-06 14:39:10.829164
dec9e7b3-19ba-43ab-969b-1928ebef7b0e,2307.38,XAF,2024-01-05 14:39:10.829164
63cb60a0-afbf-404c-aa8b-57747518b6fd,2502.59,SCR,2024-06-29 14:39:10.829164
bb0fec96-fa07-4754-91c5-1e7238356140,1738.78,DKK,2024-02-09 14:39:10.829164
d0d5f9bb-be6e-4aa4-8371-77731d0206aa,3972.5,SGD,2023-09-01 14:39:10.829164
ff5e3156-2872-44ec-9655-59e07abb2f93,2186.84,CNY,2024-03-10 14:39:10.829164
53c44ac0-7fd2-46e2-9e7d-878296d3fa01,124.1,LSL,2024-05-23 14:39:10.829164
c6381118-17d7-4dc9-85a4-6543539763ae,4097.49,CLP,2024-02-27 14:39:10.829164
a45aa816-2f55-45ea-bde5-f4a562b08c60,918.35,MXN,2023-09-26 14:39:10.829164
29441ed9-4cbc-47a6-a9a6-f582b916e5d5,3354.01,PGK,2024-06-11 14:39:10.829164
e514da35-889a-4891-ad4b-2fd906cbea6d,3098.53,TMT,2024-02-11 14:39:10.829164
a8c5c907-fe47-4c1b-a09b-efe6928f394f,1466.39,BSD,2024-04-11 14:39:10.829164
178710b6-c169-4204-a4c1-808399e6e549,646.21,MWK,2024-06-15 14:39:10.829164
a1b9f766-5233-4cc2-ab33-3a5ab07a4e22,958.5,TTD,2024-01-30 14:39:10.829164
36a5018d-0380-4793-807a-20ca69ec731c,2660.9,JEP,2024-06-16 14:39:10.829164
3a93388f-428e-48a6-b7c0-9118ddd34e85,1869.76,VND,2023-09-09 14:39:10.829164
fe6af6b8-657f-404e-8bf0-a46bce7bfc7f,3690.28,PAB,2024-04-03 14:39:10.829164
183bebf7-cd7b-41f7-bdc1-bfadf5784ca1,322.34,IMP,2024-06-22 14:39:10.829164
82274c16-5941-40b3-947c-de95f053c79c,4599.51,LYD,2024-05-16 14:39:10.829164
01781900-3cc3-43c9-8f75-1a966ec70be2,250.06,THB,2024-03-28 14:39:10.829164
4cd12eaf-77a1-465f-98fb-b2a2ab9ba68d,943.73,PKR,2024-04-13 14:39:10.829164
e2751d12-54f4-40f1-ad74-fa2d81efc9da,2937.24,SBD,2024-03-18 14:39:10.829164
2e08e95d-0093-4bee-baf9-0a7b05e84708,2362.93,PGK,2023-12-14 14:39:10.829164
ff1bece2-4e90-475f-a40a-47b3ca3fbbe3,4950.85,IRR,2024-02-02 14:39:10.829164
7aed7e61-8b2a-44d7-a5eb-48decc8f6f01,419.86,BRL,2024-01-18 14:39:10.829164
ac89f97f-3a22-48a5-9ba3-db95571ffc90,2632.29,ERN,2024-04-10 14:39:10.829164
06875106-41b2-44a0-965b-6f713cc3fa22,3159.25,IDR,2024-06-30 14:39:10.829164
c9c5b8fa-c51c-4c8a-a5b4-b3be70cb1933,2970.73,CAD,2023-09-28 14:39:10.829164
a26bf376-1417-4856-b3c0-b3c627a18a85,1771.27,TTD,2024-04-22 14:39:10.829164
e561b370-bfd9-4b2d-a3eb-9a625d0ead33,3067.76,KZT,2024-04-15 14:39:10.829164
9109b6c9-e00a-4ffc-9c4f-6874f557cd20,2141.29,BOB,2024-04-29 14:39:10.829164
c8bdbfe0-7e45-40d3-9c6e-a26a427dbc78,3720.44,GBP,2024-07-02 14:39:10.829164
54573808-e954-4a85-acdf-948f25c2698a,3168.27,MOP,2024-01-26 14:39:10.829164
2f2644ae-2e96-4dff-acb6-1361ec7e5381,2106.44,CHF,2024-07-01 14:39:10.829164
e1ebf08d-a012-4931-9df2-210459030515,1470.0,GMD,2024-06-04 14:39:10.829164
460c9f2a-ea34-44ba-b51f-b8d08d2220c9,4199.42,IQD,2024-05-23 14:39:10.829164
8b7eeee5-fe16-4b76-922d-d1a6628fad40,3399.58,IMP,2024-02-27 14:39:10.829164
ac39ec17-7c5a-46ec-9698-9bb131d2020f,1795.14,SVC,2024-04-12 14:39:10.829164
90946bbd-3ee7-44e1-ad66-eb98a3750933,959.35,BND,2023-11-05 14:39:10.829164
dc5e9c84-9870-40af-948b-56953839d064,3720.55,THB,2024-08-01 14:39:10.829164
53899b0e-5ae4-45f8-b74b-22a2e3024b45,983.49,PYG,2023-10-10 14:39:10.829164
4fdce7ac-b764-45e8-adea-fc1c72abb9a8,4375.91,MYR,2023-09-06 14:39:10.829164
c7535789-ca7e-47db-aa42-ebc913e64cf3,2652.13,TTD,2024-02-03 14:39:10.829164
d0d415c2-d978-4fcc-8610-a6f603753c2a,1609.45,KYD,2023-09-24 14:39:10.829164
46de45b5-4f4e-467b-9e4e-51f975197904,129.56,BND,2024-04-15 14:39:10.829164
9ffccac5-b59b-469a-9543-7dffd5eeecb6,3341.77,GYD,2024-01-29 14:39:10.829164
4505eee0-3743-4504-8455-f2e2dc6c1a13,1749.99,UYU,2023-09-17 14:39:10.829164
9915a741-134d-4779-b484-0bd944d6cdb3,3959.46,JOD,2023-09-28 14:39:10.829164
53272662-6cf5-46e2-a93d-489beeeae1b4,662.93,JMD,2023-10-06 14:39:10.829164
5514ef2a-0530-47fa-be0c-0be3fe81add1,738.85,AED,2024-06-07 14:39:10.829164
5288a3f5-2d9a-4fd6-a779-75c78c84ed8f,765.2,SGD,2023-12-17 14:39:10.829164
cf8bae52-d6d3-433a-bfde-b2c24856f2b2,117.84,KES,2024-06-14 14:39:10.829164
c3364bbe-b117-414a-97f9-8024c8da7f39,4631.87,RUB,2024-01-20 14:39:10.829164
b121bd7e-9654-4c49-94df-28c978553254,4467.58,SLL,2023-10-18 14:39:10.829164
c5e77b8e-2c3a-4cd6-b032-bd3264b17aad,4645.6,MGA,2024-07-28 14:39:10.829164
7d292438-1611-4bf3-89a4-15557a2b8ef1,3190.05,ZMW,2024-04-11 14:39:10.829164
8792eb9e-c81e-4cb2-acad-39d38f1f8f61,2229.73,RUB,2024-01-10 14:39:10.829164
34018a40-d09d-466a-94e4-18e864453e42,2171.91,CAD,2023-08-27 14:39:10.829164
b7f577cd-61a4-4f58-8fdf-73c57e35cd74,2454.66,ANG,2024-06-12 14:39:10.829164
8670d20b-5748-424b-9e38-969be1643066,4895.4,PEN,2024-06-15 14:39:10.829164
f1f9add4-a407-4ba3-b097-ffb9ced664ec,3301.14,ZAR,2024-04-17 14:39:10.829164
d040d887-4900-4504-a038-ef0d80c1baaa,3578.74,MZN,2024-08-06 14:39:10.829164
48f6803c-9da7-4eef-9043-133bbbee0e1a,295.88,LRD,2023-10-02 14:39:10.830162
af381d2c-cf7f-47c0-9241-7cc452215253,2789.56,MNT,2023-11-24 14:39:10.830162
c8ab02f1-87ee-4dae-ae99-da6245aad470,4634.63,SDG,2024-07-14 14:39:10.830162
cb545095-6750-4d60-80d5-3c35e1f1961a,359.29,YER,2024-06-29 14:39:10.830162
d1b2fc48-ea57-4dab-9c93-bf5543acf888,4192.73,GYD,2024-01-05 14:39:10.830162
3e7499e1-a4e9-44de-9f15-5329aca0e73b,4415.46,ARS,2024-06-30 14:39:10.830162
1cdadf04-3aa6-48af-9385-f3a8f72b8af1,2368.24,BZD,2023-12-26 14:39:10.830162
81ba11be-2b27-4769-b82c-b5b05b48a9a7,4916.8,DKK,2024-04-04 14:39:10.830162
15ce49d9-d49c-4c81-87b3-84ccbdf035e5,1843.97,MWK,2023-10-01 14:39:10.830162
88dadfed-2566-4a9c-8080-8bac7a26ac00,4218.28,GEL,2024-07-18 14:39:10.830162
a3a8f5ed-74f8-4ff4-b5b3-de73f134170c,3154.85,MAD,2024-02-09 14:39:10.830162
323e405f-e8a6-423a-a75c-d3d8f7c78518,3962.85,DJF,2023-11-24 14:39:10.830162
4183c649-cc6b-475f-9c55-e9f5851fd20a,2869.75,BRL,2024-06-20 14:39:10.830162
abf1a1eb-d2a2-438c-b194-54424c1ecdbd,3698.44,SLL,2024-06-06 14:39:10.830162
e9f2c6ea-77fb-4d54-bb5e-b8b4b4fb9cf4,2442.4,KYD,2024-07-26 14:39:10.830162
b3c24311-0745-45d4-bb3c-eea14d7b098e,4654.87,TZS,2024-03-19 14:39:10.830162
70efb200-d24a-4bd1-bd9d-35b74751a568,913.05,PAB,2024-04-21 14:39:10.830162
498cbfca-fed5-4aa6-87a9-30a801cd3969,3851.35,KHR,2024-08-12 14:39:10.830162
693bc994-8ca5-4fdd-b182-c2d0c2dcd14e,3921.11,HUF,2024-06-28 14:39:10.830162
d8ee885b-2ff0-4c4d-bd35-c676a4a465bb,1377.47,ALL,2024-01-10 14:39:10.830162
d930d951-39bb-4280-91bd-fcd8c0ffe480,4780.74,XOF,2023-10-25 14:39:10.830162
45a2898c-c681-4a46-8d25-84465ab2f335,3643.02,ZWD,2024-05-10 14:39:10.830162
877e3b5b-448c-422f-b15e-6208c2d40d54,4921.91,BHD,2024-06-30 14:39:10.830162
87e9a370-a06f-40a9-8509-8ca3f43abcd9,2716.0,CUC,2024-04-03 14:39:10.830162
f2bc21ac-780d-4a5a-a731-b417534ef767,1643.36,VUV,2023-12-09 14:39:10.830162
20c81bd0-5091-4e97-8702-4ed93e5de62a,648.43,KZT,2024-06-28 14:39:10.830162
32797e2f-e735-4409-bb9f-da37f7faea88,2627.91,NPR,2024-07-20 14:39:10.830162
3113782c-3f33-4452-abee-8b983c24740e,4522.43,SHP,2024-05-15 14:39:10.830162
448d4828-6bef-4f0f-86e8-3dab73e62053,2725.74,BMD,2024-03-15 14:39:10.830162
ad57a6c3-506c-4da2-8168-fd9bdc7449e1,1469.1,XDR,2023-11-28 14:39:10.830162
5fd41fa3-f221-4b72-a9b2-c589d770e421,197.55,CZK,2024-03-20 14:39:10.830162
d8465a7f-bff6-4b11-a8bf-b02878e43332,327.18,AMD,2023-09-24 14:39:10.830162
0abf0ab1-8a24-405c-8339-d9d0eef6eab1,844.94,UYU,2023-12-23 14:39:10.830162
cd60ddbf-744e-4f2e-9439-d327e923e98b,3860.2,TOP,2024-05-02 14:39:10.830162
10f7b1f4-fe11-468d-afbb-23c2425e43ed,4005.6,KGS,2024-07-16 14:39:10.830162
0c232e5b-34b8-439d-8421-23c63023fe60,977.07,IMP,2024-03-07 14:39:10.830162
ae924b55-7080-46a6-a267-f0afd474c1ab,2080.42,IQD,2024-03-15 14:39:10.830162
a5dab785-5e70-49b8-8df7-aab06287d697,465.05,KZT,2023-12-28 14:39:10.830162
e3c7c6f0-c9ce-4b3a-967c-380eccccf551,4545.62,ANG,2023-10-09 14:39:10.830162
8662b49f-0597-4378-9429-9180635922b5,3300.72,RSD,2023-12-14 14:39:10.830162
5f9496ba-2512-45b3-842f-04adfb634839,4003.26,VEF,2023-10-27 14:39:10.830162
018b3ccb-2305-4e3d-b86f-19759e4c6655,2570.51,GTQ,2024-03-03 14:39:10.830162
c1f5c123-a1f0-4b9b-a636-10ff50ef591a,1393.04,SBD,2024-01-31 14:39:10.830162
ea312a89-a299-44ca-9a92-5c815cc735f2,1029.15,MWK,2024-04-04 14:39:10.830162
75fb84a5-a865-4712-9b6c-a6805bb6c3c8,2389.25,MYR,2024-01-01 14:39:10.830162
f6334445-3749-4568-9fec-953401c22ee0,4737.01,VUV,2024-07-01 14:39:10.830162
df42a764-c5aa-409d-8a58-594987bf3dcc,637.78,LBP,2024-08-14 14:39:10.830162
de71dc1c-1f74-4c6c-9b3b-433c9ee1cf06,770.37,MWK,2023-09-01 14:39:10.830162
f931efe7-1630-491e-b716-2f925c03bcca,1977.68,MUR,2023-10-02 14:39:10.830162
88d114cb-81ad-4de0-af22-21b91226fd3d,2683.93,JPY,2023-10-06 14:39:10.830162
3d6d02e7-51c6-4f8d-ba88-59654fe71808,819.67,CRC,2024-05-14 14:39:10.830162
a513c14c-92b9-4140-986b-e4bf3ccd475b,862.01,ZWD,2023-11-06 14:39:10.830162
dbb12dcb-e899-444a-88ba-9cdc37fc5bec,4231.56,KWD,2024-04-22 14:39:10.830162
369621e6-3666-4517-9722-72796af80d2d,1119.8,LRD,2023-10-24 14:39:10.830162
e86c2d90-f462-4c1a-a28b-d7cbbc4a6f5b,1896.25,DKK,2023-11-05 14:39:10.830162
e05a9997-5111-4b2a-8033-47adddf4e592,4431.93,NPR,2024-08-10 14:39:10.830162
5c7ab01f-9458-41d9-aa51-eb689e71ba2a,3274.48,KPW,2023-09-25 14:39:10.830162
910ae27f-f98b-4b31-957f-dc8a07f394a6,1488.85,BYR,2024-03-01 14:39:10.830162
31f496ca-58ab-47e4-aadf-ae8e72d6b1ce,2868.48,DZD,2023-09-29 14:39:10.830162
4fef44bb-b10e-4f3a-91eb-6b1b8198b389,2524.57,TTD,2024-02-05 14:39:10.830162
4dc4d1be-d4f7-4c63-8bca-63f35e409664,3759.89,TRY,2024-01-09 14:39:10.830162
85552757-ad9c-4479-a7f3-dd21ca8c4de9,3748.68,STD,2024-08-13 14:39:10.830162
9e70ee75-48f0-46ff-a6e2-1bff0ad60925,4777.2,CAD,2024-01-08 14:39:10.830162
25df3ca9-7133-4a5f-b425-66b913ec3168,4283.85,SOS,2023-12-24 14:39:10.830162
964c5edb-2d53-458b-83a2-9583aac44466,1694.89,HRK,2023-08-28 14:39:10.830162
c9f8617f-9fdf-41b7-a0aa-5d7d966e6bc0,1280.72,HKD,2024-04-15 14:39:10.830162
e77df57f-cc3f-4eef-89d2-9467d400abb8,1374.4,BHD,2023-11-23 14:39:10.831166
a4d4fa6d-e621-4c3b-91ca-c5abb2890950,3172.45,FKP,2023-11-21 14:39:10.831166
48ffcf64-0b3f-4067-9f42-d32c26d92fcf,1035.19,CLP,2024-06-18 14:39:10.831166
75af22a3-3aa2-42d1-8373-f98ea1535ed7,2467.33,KZT,2024-02-03 14:39:10.831166
53a7f88f-ec0d-43d5-93f7-f422ee6ed2f9,2106.62,INR,2024-02-11 14:39:10.831166
04ffad1a-4c7e-4ea0-8f2a-da905652801c,1304.23,EGP,2024-04-17 14:39:10.831166
4b3e19a8-7791-4339-9f6d-e1aabcfe5231,3529.1,BGN,2023-12-02 14:39:10.831166
e0d95c54-2500-401f-bf5c-9404fec73f68,2431.65,JPY,2024-06-23 14:39:10.831166
b4609eff-08df-4eba-a023-d25dc67237e1,3379.78,EUR,2024-01-10 14:39:10.831166
2d47b616-1c1c-40fa-9124-ca4fc5684d33,1509.67,AFN,2023-09-22 14:39:10.831166
f8e6a8e8-e7fd-48b1-a233-dd551f9e5fef,3147.5,ETB,2023-11-17 14:39:10.831166
fa67146e-18d8-4499-aa6f-dfc24889f24d,677.16,IMP,2024-01-09 14:39:10.831166
37c45d5c-f397-4eca-8e4f-c13ddd81a0c6,3408.02,DKK,2024-07-09 14:39:10.831166
849d1fae-4d5e-4359-8f9c-988052a845cb,2860.33,MGA,2023-11-02 14:39:10.831166
b98347d5-1d81-4ac5-848b-926f3d437d86,4015.87,MZN,2024-03-13 14:39:10.831166
625a159d-004e-456d-97a0-49df3266e8ff,1468.42,CUP,2023-11-04 14:39:10.831166
c07409d7-843f-4e4a-aa6a-6d2696f09f93,132.19,IQD,2024-04-16 14:39:10.831166
68c27e12-e6b2-47ba-b5b4-95cb6c61e836,4844.12,BTN,2024-02-05 14:39:10.831166
53800e52-6894-4e40-be8f-512871ec0ccb,1091.45,ISK,2024-07-26 14:39:10.831166
32349ce5-d095-44a5-ba70-d6fef0976f3f,1563.24,IMP,2024-07-03 14:39:10.831166
370a09fe-4336-4362-bacf-b38db54347bc,4390.94,MVR,2023-08-23 14:39:10.831166
2b8ddd7e-6a63-494d-b884-7fd151d76d15,663.54,CUP,2024-04-11 14:39:10.831166
171dcd9f-b901-4979-9a50-eae7db8d665f,1445.32,MNT,2024-04-22 14:39:10.831166
730f9fd9-8c08-4882-8398-c11062eca52b,2575.38,RSD,2024-05-30 14:39:10.831166
d66802cc-2e90-42e2-8898-75fb539803ea,3848.64,AMD,2023-08-22 14:39:10.831166
5620def1-af4c-46a8-9220-c9790cddfc35,700.59,ZAR,2023-10-31 14:39:10.831166
d0dd0c36-e826-490b-941f-9bcfb3d3e9c4,1398.47,CVE,2023-12-25 14:39:10.831166
5c007c1e-c956-407b-8f9c-ce77fe88dcbe,252.13,KHR,2023-09-26 14:39:10.831166
c99963d5-e4d1-44e8-bb80-c327d7f66496,1070.8,BZD,2024-05-09 14:39:10.831166
166ffaa5-c044-4f1c-8dfe-bd30072fdf8a,1184.65,BHD,2024-03-31 14:39:10.831166
d9dabb25-f77a-4806-897d-20a710444ee2,2017.54,KHR,2023-12-06 14:39:10.831166
fabf64c8-a3ea-48a5-a3a8-2960a2d1fc2e,1891.99,BGN,2023-08-30 14:39:10.831166
5cc44727-5420-47c3-a03c-18eac5d86843,204.54,TMT,2024-07-29 14:39:10.831166
cbb4c56b-a39a-4fe5-83c5-e7d0eda5c9c0,963.5,LRD,2024-07-01 14:39:10.831166
0a0831f1-d936-4792-82f6-a562740ab634,3874.92,EUR,2024-02-21 14:39:10.831166
6f968a1b-c7e9-4c0d-aa77-702dad74bdc9,4961.16,RON,2023-09-07 14:39:10.831166
5321e54e-cc88-44b2-8c41-77b86a36ac24,571.68,LTL,2024-02-15 14:39:10.831166
fecca250-c17e-4863-8ae3-f7b1d474c228,3715.21,USD,2023-10-11 14:39:10.831166
dcf07d4a-46d5-4bde-bbb0-af74227fc15c,975.99,NOK,2024-04-24 14:39:10.831166
b2875b04-f032-4b12-bcd6-46c8d8ca3e06,3951.71,IQD,2023-09-28 14:39:10.831166
ca4552fd-a0b7-4854-9c62-b19db312379d,371.84,COP,2024-07-25 14:39:10.831166
16db44f5-9eae-4c66-be4a-cb13a0b57026,1360.15,BAM,2024-06-05 14:39:10.831166
7eb43f2a-a1e9-490a-b83e-5521964d7d98,4965.13,XOF,2024-02-24 14:39:10.831166
43d9dbb8-e210-45a9-959e-71235b03ef18,3742.72,AZN,2024-07-06 14:39:10.831166
5cb33ae5-6273-465a-bade-d612a3caabea,4076.92,SZL,2024-07-26 14:39:10.831166
d6158225-b408-4cb5-a3c4-5b3fc6d4b706,3207.31,HUF,2024-06-09 14:39:10.831166
67437db2-cf8f-4517-8e10-8ca4b9ceae4b,3852.62,SRD,2023-10-24 14:39:10.831166
286ad907-313f-4404-9598-5515519e5330,4521.79,VUV,2024-08-09 14:39:10.831166
25964f5f-0381-45ac-86e4-7563878df249,3245.58,TJS,2024-05-22 14:39:10.831166
e2f2b5af-4229-4ebf-b854-5df077812719,4145.82,LRD,2023-10-10 14:39:10.831166
f59d2f16-f9db-46ba-a575-9422571d7a82,1422.49,TVD,2023-12-07 14:39:10.831166
acad758e-b404-4e88-8b4f-ee29c47c8cc4,1343.58,KMF,2024-02-03 14:39:10.831166
c16bb1bf-deaf-49bc-8145-3b62a9cfa0e2,3594.64,JOD,2024-06-21 14:39:10.831166
8b269b60-50a7-459b-8f23-92d18b7e292b,3832.95,CRC,2024-01-01 14:39:10.831166
bd6d51ad-b148-4829-b7d1-3fa993b67812,481.34,MDL,2023-11-07 14:39:10.831166
3d161f6c-ed89-4989-8acd-24d9236cfb1b,2360.63,CRC,2023-08-22 14:39:10.831166
b35d37c7-3d6b-43ae-b8de-834e3b9a3060,3608.12,SVC,2024-04-21 14:39:10.831166
ce868c49-a2dd-48b3-bee3-e219c4a222fa,1545.48,DKK,2023-09-18 14:39:10.831166
03fa42a1-b98a-4ccc-81ce-a81d33939420,4446.05,SEK,2023-12-28 14:39:10.831166
ea45fc86-2f4b-4455-940f-673f7f3d410d,4949.46,HUF,2023-11-01 14:39:10.831166
09339001-3fa4-401c-b011-d2c944ed2044,2816.45,JMD,2023-10-12 14:39:10.831166
c84f98d9-20f1-4fcf-9755-d3022d02e98c,285.9,ZMW,2023-11-24 14:39:10.831166
f2c30240-4dcf-4e19-b2d7-f5f60cdb9b1c,4371.83,KES,2024-04-09 14:39:10.831166
41187067-0769-4a1c-aced-e6f4268a9252,2064.23,IMP,2024-01-20 14:39:10.831166
1ddd335a-cb45-4995-96f4-22741207a751,124.1,DOP,2024-04-10 14:39:10.831166
3c627b41-923b-48b4-8406-a3a766d15cc9,1350.0,VEF,2024-03-18 14:39:10.831166
9bd4ca27-08b2-4f1e-a1fa-85b038dc00a7,3846.51,KGS,2024-01-30 14:39:10.831166
e481a23d-c6d3-455d-aaf2-ff412480a980,4764.83,SRD,2023-11-11 14:39:10.831166
d0b0c6e5-12bc-4588-a6c1-f140967db66e,2244.97,BBD,2024-05-06 14:39:10.832170
3a90f2fb-30fc-4f73-be7a-881881851f77,1159.87,SCR,2023-09-11 14:39:10.832170
bc2754ab-0907-4313-80f1-b5fa36c100d7,1663.17,IQD,2023-09-14 14:39:10.832170
4d9e7a76-65bc-4515-9e6b-23304eda1fcd,3351.59,SGD,2024-07-30 14:39:10.832170
ce300f3a-e7f6-4be2-870f-8b8a16b1c92d,927.26,EGP,2024-03-20 14:39:10.832170
17adee3c-1208-4c4c-9c6a-1e8ec1be5958,405.34,CLP,2023-08-31 14:39:10.832170
af4c1536-528f-472b-8356-5ba25e89a2df,1958.56,NGN,2024-05-28 14:39:10.832170
87b67e33-79c3-4af0-92c9-fd140d7dc274,3315.35,NAD,2024-03-11 14:39:10.832170
e7a6a6f4-717f-40f4-9108-1a26ff377721,2525.19,JEP,2024-04-05 14:39:10.832170
1e108a77-60aa-44f8-a60e-c009219d0876,889.51,SYP,2023-10-03 14:39:10.832170
acf0f73b-f38a-4f12-882a-8c229294f2aa,1887.13,FKP,2023-12-18 14:39:10.832170
fab7fc5c-da62-4bca-85c8-e51b81419b61,1414.25,EUR,2024-01-15 14:39:10.832170
14e0754a-b257-44c1-b0b5-66c909eca3d1,3310.67,ILS,2024-07-25 14:39:10.832170
7299b5c4-2937-47da-a4ca-04f44701d1a4,1702.72,BAM,2024-08-09 14:39:10.832170
215c017b-ff76-49de-bc93-65cfbb8fcb61,4273.06,KRW,2024-04-27 14:39:10.832170
7a60ad9e-3714-47db-8f93-e4e829d12ba4,4404.9,TVD,2024-01-16 14:39:10.832170
6a3e215e-39f5-4dfe-a846-28b373fd6d5e,1925.78,ZWD,2023-09-10 14:39:10.832170
d655bdf8-fcf7-4762-a49a-63042e925cc7,3496.75,NIO,2023-12-12 14:39:10.832170
5e276470-1668-47de-8575-69f425cc17d9,3205.68,MZN,2023-12-11 14:39:10.832170
42aae832-a14b-4106-8185-da3297e709b3,2768.22,BHD,2023-10-29 14:39:10.832170
a2e527b7-b17b-4f46-9a48-69498dcfa36f,683.79,DOP,2024-03-14 14:39:10.832170
dd20fe87-f5fb-4c61-89bd-83f481798d97,2867.73,SPL,2024-06-12 14:39:10.832170
dcd08806-42d8-4ff5-a54e-6684a23c3a84,3334.64,NPR,2023-09-05 14:39:10.832170
5aaee86d-b442-44c1-88fe-56b8157079e7,1215.87,CAD,2024-08-16 14:39:10.832170
40e661c0-20ba-4b81-8928-ee92e6852872,1112.31,YER,2024-05-18 14:39:10.832170
ca1a5ae8-262b-4b4b-9a89-45c9cafa0821,2865.72,PLN,2024-07-01 14:39:10.832170
e863f033-afbc-48f3-966f-bfa10dd51b1d,3158.91,LSL,2023-10-11 14:39:10.832170
83f1a7f6-6f88-4927-bbd3-d24a2a01fd77,2822.95,ZAR,2024-01-21 14:39:10.832170
4a0c05a7-8ce8-4e2a-91d6-ab765a52abbb,4107.2,LBP,2024-02-22 14:39:10.832170
64e2a112-8e83-4042-81cb-fee1634328b0,922.67,AFN,2023-11-18 14:39:10.832170
e0769ad7-b10c-4628-9b45-7825a5131129,2881.91,PLN,2024-07-14 14:39:10.832170
db9168c2-c53a-48a0-907d-44e633dc28a2,2774.52,KMF,2023-10-01 14:39:10.832170
85f8ea96-d54a-4a62-9929-fdb76863db26,2275.65,HTG,2024-02-10 14:39:10.832170
d2d6b0e1-332e-41ab-a34f-1db59763e6fe,1605.94,SCR,2024-04-14 14:39:10.832170
44d4ebc6-ad75-4f44-8d89-4c282bd08ecf,3880.37,OMR,2023-11-16 14:39:10.832170
3ad0b676-bcd1-49d9-9dc3-0d0d842e8fd9,739.83,VUV,2023-12-02 14:39:10.832170
0c214456-4a81-4fcb-961f-f03b02147c77,1994.14,RON,2024-03-22 14:39:10.832170
a9d15e8d-f6c7-4a29-a26f-b04014cae675,1337.91,MYR,2023-08-28 14:39:10.832170
e24010ca-5613-4899-b8a0-d691002f97fa,3551.18,COP,2024-03-14 14:39:10.832170
71c82ba7-1bcc-413c-86c3-edd9b7a370b7,1146.08,RON,2024-04-24 14:39:10.832170
5ee666f9-8f24-4bdc-b801-fe1883ada65c,2457.45,TND,2023-11-02 14:39:10.832170
733315c2-15e0-4f0f-bd36-85e5e6bd16f9,1968.01,AED,2023-11-23 14:39:10.832170
e84d9749-19ba-4538-8d84-c221e27192b1,1452.32,BSD,2023-10-17 14:39:10.832170
5c35f015-6c40-4f3b-8824-34683e49e9b8,987.69,MKD,2024-05-04 14:39:10.832170
faad5ccf-24d2-4940-94f6-cb04998dfb12,1703.96,TMT,2024-05-08 14:39:10.832170
dedd46dc-481c-4aec-ad1e-fb35b6ca0428,3406.36,LBP,2024-02-03 14:39:10.832170
f67c0b83-9280-4d6d-99d2-39ac45094775,116.4,SLL,2024-04-08 14:39:10.832170
5ad2e617-dad6-4edd-ab8e-6621af28b501,4312.29,ANG,2024-04-23 14:39:10.832170
57d69199-78e7-49fa-9567-b60b87745aaa,4832.63,SZL,2024-07-22 14:39:10.832170
579db195-0e9f-4162-8066-a9877d2abc08,2736.85,PAB,2024-07-23 14:39:10.832170
de72cde1-20c6-4460-98b8-fe5cebfc8c58,4597.86,MOP,2024-02-02 14:39:10.832170
b5ddc8d4-b285-495e-82d8-dfa5c673e9ec,4609.88,AZN,2024-04-17 14:39:10.832170
6f9ffbcb-b000-4309-8f06-157f9d216dfd,4481.08,MZN,2023-10-16 14:39:10.832170
d307aebe-6379-48ed-a4c8-26dafe91bd32,3885.13,MAD,2023-12-11 14:39:10.832170
9289856b-e19f-4f5e-9233-60df643d7711,4383.76,PHP,2023-09-11 14:39:10.832170
d7daa8e6-0a5f-4e56-9b21-f8f5425d33fe,2394.69,BAM,2024-08-10 14:39:10.832170
b406b9fa-51fb-4693-ac7e-636d1490fc19,4506.7,TWD,2024-03-23 14:39:10.832170
873317a4-8704-438a-9091-8d85e46dddde,3009.75,VEF,2023-11-21 14:39:10.832170
816d74dd-8848-4ea7-9dcc-b71a8666b224,939.18,ZMW,2023-09-16 14:39:10.832170
ab8c7a3d-c3b6-4825-ab27-870cc5e4669c,768.11,MKD,2023-11-10 14:39:10.832170
4e5951a5-0328-4615-a9b2-c02810b6b264,1370.77,BAM,2024-02-20 14:39:10.832170
f22fdc6a-c547-4ea8-874f-dcbebd5d05f2,4191.04,DOP,2024-07-21 14:39:10.832170
a22dbcdf-9342-4ca0-be4a-6ad9df178275,3307.5,TMT,2024-04-23 14:39:10.832170
f72f9569-dc48-4008-9fc7-d82c7e10d983,3230.65,ERN,2024-03-10 14:39:10.832170
db82c553-f139-4595-bfe8-b2f13b413e21,389.45,MWK,2024-04-16 14:39:10.832170
46ff83cd-509e-4cb2-be0f-e2a457b2bcbf,1876.23,CLP,2024-07-29 14:39:10.832170
b1818054-3224-4b6e-b1fc-8e8a8bcbcbb3,490.22,QAR,2024-01-06 14:39:10.833166
da351797-0bee-4ef9-962c-affdd092109f,646.97,RWF,2024-02-03 14:39:10.833166
03191bb9-383d-4913-a8f7-50db80eb9db4,1845.62,NIS,2023-09-22 14:39:10.833166
9dfa5af0-884d-46d7-9d28-2949c2c8b146,857.72,CUC,2024-02-24 14:39:10.833166
e04ba74b-6c99-42dc-afcc-454377e02834,2343.2,SOS,2024-06-23 14:39:10.833166
b15046ca-0eda-49f1-9cd9-c41937880286,422.47,TZS,2023-10-29 14:39:10.833166
93ee4419-c125-41e4-b97b-13409e1ccee4,363.16,OMR,2024-06-15 14:39:10.833166
3b6af6de-f8fd-45b7-8329-c7a8a74a4857,222.7,LBP,2024-06-01 14:39:10.833166
c5895839-4731-45cb-abbb-04c5de1f6d5c,2725.62,DZD,2023-11-06 14:39:10.833166
58b54b94-ffaa-430d-93f1-0bd94a0c444f,2228.2,BDT,2024-06-26 14:39:10.833166
07240ea7-19b6-40f2-883d-a834a6d0cf8d,4563.6,RSD,2023-11-19 14:39:10.833166
b924b7f9-50ce-4fdf-8cf0-26398e4e5ca1,227.47,PGK,2024-05-27 14:39:10.833166
a5778b11-7d1a-43af-aed3-8387580ce9de,3035.67,UYU,2024-02-14 14:39:10.833166
7fe15bae-0113-4102-8ed3-e3247ba00727,2866.43,BRL,2023-10-29 14:39:10.833166
a0ccb93e-4ab9-48dd-80d0-31a8d3e6dc4a,2849.16,AWG,2023-10-09 14:39:10.833166
622379d9-f09e-4f39-ab00-afcac4d04642,1087.12,KES,2024-02-05 14:39:10.833166
577b7311-b3e8-40b2-8284-6b48e91833ec,3910.1,XPF,2023-12-16 14:39:10.833166
035b3063-43d7-4f01-9b15-8fc087238519,3577.35,TVD,2024-06-26 14:39:10.833166
db1d42e4-1ca7-4b88-8f1a-81ee31924f26,3206.64,BAM,2024-02-07 14:39:10.833166
19f800ef-5c8d-4052-8ef4-e9fdcc6a0414,319.89,MOP,2023-12-02 14:39:10.833166
f71e4b75-dde9-4b88-a482-fc5337fe30b8,4873.71,NIO,2024-04-23 14:39:10.833166
0c079c1a-110b-4543-bdb3-e322e12517e7,1554.99,BOB,2024-02-07 14:39:10.833166
4cf08188-5206-43f4-a71f-a6b20a07d694,4262.3,UGX,2024-05-18 14:39:10.833166
0a600d76-3b2d-4896-8baf-8a3aa309dbc9,2084.24,LBP,2023-12-25 14:39:10.833166
905593f7-a25e-4d89-859d-38c043322b4c,997.82,GGP,2023-08-25 14:39:10.833166
7ef38841-7763-4640-a8c9-a02b06fa4419,187.12,MZN,2024-02-17 14:39:10.833166
17f710e6-9ccd-4e9d-a43f-30eafc1fb45c,2551.33,LKR,2023-11-07 14:39:10.833166
9e701132-9176-4994-aa8e-c7457a714fa6,1404.21,INR,2023-09-23 14:39:10.833166
2ba42a9b-7438-4987-a4cf-67a0304df4ca,2873.17,IRR,2024-02-19 14:39:10.833166
80d9a268-c397-4a2b-8b2c-1ad323ca22c0,2329.59,BND,2024-08-18 14:39:10.833166
6205ab3e-ba92-43e2-a85b-e8d0130f9eed,3234.55,IMP,2024-01-09 14:39:10.833166
1a11072e-5c1f-4961-ab93-a7dc1c67a47d,4668.67,SOS,2024-05-24 14:39:10.833166
018b247f-c1d6-41dd-8bcf-1032f89ab3f1,3164.28,XOF,2024-07-05 14:39:10.833166
307440ca-1916-433c-9785-048514767d3f,935.41,BHD,2024-01-11 14:39:10.833166
a1297a8d-aa62-4457-9411-566fa91fe178,641.48,RWF,2024-08-15 14:39:10.833166
ee63db6d-db72-431e-a64c-928095332bae,592.44,KZT,2024-07-31 14:39:10.833166
b3c997df-43d0-4660-8774-dcc54afec552,1180.93,SLL,2023-11-08 14:39:10.833166
8009e0b2-d77d-49cd-b184-a799facb88f8,4407.89,LAK,2024-06-02 14:39:10.833166
0c50f5a7-7a40-4d92-a25b-6fbb39923a95,1017.04,VND,2024-06-26 14:39:10.833166
97310062-77c1-4f3c-841d-bd50fd48041d,111.77,XDR,2023-10-11 14:39:10.833166
48d8e222-163a-4f74-99dd-939b0a6cea46,3742.46,BZD,2024-07-11 14:39:10.833166
2fa19d15-6b57-4cad-a318-ebaa9113cd70,2208.63,RON,2024-04-16 14:39:10.833166
5d2d29d6-2b8f-4240-8ded-af826989d59a,1153.42,BRL,2024-05-12 14:39:10.833166
3c1925a5-4a21-4d74-a2f4-70a97452a050,4177.09,THB,2024-02-07 14:39:10.833166
bd18cc10-43a0-46ec-9a81-fc0c2b1200d2,4318.2,BSD,2023-09-08 14:39:10.833166
1a1f3c94-f42d-4211-a7c6-6a06b6fa8a1b,3609.95,ILS,2023-11-23 14:39:10.833166
381fa17b-f338-4bd7-811d-fab9439e4f9f,3955.29,TOP,2023-12-21 14:39:10.833166
ba516954-df3a-4a2f-8f55-bee2d8b11f69,2228.18,KPW,2024-02-19 14:39:10.833166
2f7f6ca5-4dec-4ce4-a39e-5e367375c71c,2291.72,NGN,2024-06-23 14:39:10.833166
d1bc7b88-e913-46fc-bc7d-b797c383016c,103.58,BDT,2023-10-06 14:39:10.833166
3919e097-e553-4ec7-96c5-370d2ec6afe6,2055.48,SGD,2024-05-18 14:39:10.833166
2747a7f6-f38c-4c0f-aead-bf681fa2d70b,4371.68,ZWD,2024-03-03 14:39:10.833166
fa34256a-1b30-411b-a053-91e1ddb881d6,621.24,NOK,2024-08-19 14:39:10.833166
a45d0e95-6d83-412a-a0c6-09c9dce24726,4211.14,LRD,2024-02-17 14:39:10.833166
a37e45d4-d96e-4221-838f-fe7a7f5469db,4952.34,IDR,2024-04-10 14:39:10.833166
8deb29b8-001a-421e-8173-016c4df83842,3517.49,IQD,2023-08-29 14:39:10.833166
f27a9088-6c1e-42f0-879e-38290d611efe,4793.83,KHR,2024-03-24 14:39:10.833166
98700192-6f45-4039-993d-a1c527a11dec,1444.64,PGK,2024-08-06 14:39:10.833166
4a04c708-74d8-4d3b-96e3-50d4a2b7eafe,3539.43,KMF,2024-02-10 14:39:10.833166
8762a1b4-7eb7-461c-92fb-d26474a53afc,2291.44,PAB,2023-12-30 14:39:10.833166
a11a481d-4191-4f58-82eb-cd5cc75fa23a,2853.54,BGN,2024-04-27 14:39:10.833166
49778684-e6f3-4a03-b7fd-a25a62ed99e4,240.48,NZD,2024-03-11 14:39:10.833166
470501b8-1bdd-4079-b5bb-03e85e1c2e24,3386.58,EGP,2024-06-28 14:39:10.833166
366b8f66-b180-42f6-9ad0-16fa6d769828,4987.95,MNT,2024-06-28 14:39:10.833166
b77cd0fa-0734-4288-899b-ef53275c06dc,3429.82,ALL,2024-02-21 14:39:10.833166
7525f08f-8723-429a-989e-6c98f33f4303,1310.32,BIF,2023-09-08 14:39:10.833166
7730c516-89f6-4cbd-941a-c55f31c52019,2536.22,KWD,2023-09-03 14:39:10.834160
5e7647a7-ad0e-4e15-81fb-bad336ca7d9b,4271.69,TOP,2023-10-28 14:39:10.834160
ce9ce7be-7f24-440d-913b-2bf9a95b5f11,4990.85,CLP,2023-12-26 14:39:10.834160
7ae24aba-7a33-476a-86de-983a6a514b89,2681.8,FKP,2023-12-23 14:39:10.834160
bf6d221f-8aff-4257-b726-3316a0205629,4846.1,JPY,2023-08-31 14:39:10.834160
57864da8-185d-4c67-955e-44be22b84faf,2944.86,SYP,2023-12-17 14:39:10.834160
fcefb0da-2315-4147-8513-76e38df39308,4033.38,JOD,2023-11-28 14:39:10.834160
7135d22b-c282-4ce2-a761-5729ab65a83c,1913.76,ARS,2024-02-15 14:39:10.834160
747ac0d8-a6fa-4d35-aa17-da09e2d87c2e,3478.48,SEK,2024-06-11 14:39:10.834160
9f2e82b7-c86f-422d-9511-59363383daa2,4016.38,CVE,2024-02-19 14:39:10.834160
bda3b18a-efd2-4ce2-b343-dbf92947f99c,3418.35,TJS,2023-11-01 14:39:10.834160
23a90f8f-a63d-49f3-8c0f-57b365d88080,293.88,AOA,2024-04-23 14:39:10.834160
0a311eaf-dda9-437c-9331-ec7d20a49787,4999.64,MZN,2024-06-25 14:39:10.834160
ceb459c3-6858-4d5d-b9c6-790db1273adb,1517.17,JOD,2023-12-02 14:39:10.834160
6fb9b08d-a923-4703-84e9-4833d85eff54,1140.29,JOD,2024-01-01 14:39:10.834160
6dfef56f-d089-40d3-a0c7-1333c6d95632,920.91,BTN,2024-07-09 14:39:10.834160
9a298987-d763-48d2-9bb3-854d36550a05,1072.56,NIO,2024-03-30 14:39:10.834160
5cd4b8ea-22ad-4900-8cad-64f2d0220c81,4719.29,UAH,2024-01-03 14:39:10.834160
46415904-db36-46e1-9d53-4f10665b1b61,1811.6,DZD,2023-12-13 14:39:10.834160
5d655667-f65c-407d-8636-c46d8a4e400a,992.65,BYR,2024-07-14 14:39:10.834160
47fca589-0737-47bd-b5d6-df887974b88c,2405.09,PEN,2023-11-27 14:39:10.834160
83c6be2c-3565-46f1-ac54-31707d1fcc88,4588.14,JOD,2024-02-27 14:39:10.834160
74464489-8ab4-4c5b-9182-d5730284261d,192.15,SOS,2024-06-29 14:39:10.834160
58ea8c69-adaf-4874-ae0d-8f9a1e388962,1833.72,SBD,2024-06-12 14:39:10.834160
a4db0905-5265-4783-8af2-be73dbd49c08,4041.21,BWP,2023-10-09 14:39:10.834160
d95f0073-ad23-467c-9137-332e1c74d08b,4423.86,CUC,2024-04-20 14:39:10.834160
bc399401-95a1-482c-ad01-a63d488c6658,1501.44,MOP,2024-02-21 14:39:10.834160
ab512fef-c0b0-4da2-a87e-2c6e7c0cf0e2,3437.15,BZD,2024-06-29 14:39:10.834160
3367f4d6-a0e8-457d-b0af-63ac8c9d0384,3796.45,MYR,2024-08-17 14:39:10.834160
198abbc4-2bc3-45e4-bca8-e8a44177705f,898.37,NGN,2024-04-21 14:39:10.834160
5b341225-6bfd-4afb-8672-d02f0dc6b793,3120.46,RSD,2023-12-22 14:39:10.834160
31624463-f132-4747-ae60-91cb6638af13,500.27,XAF,2024-05-31 14:39:10.834160
af5fa81a-6b54-4f04-9e4b-7c830f9c50f3,3958.69,SOS,2024-01-17 14:39:10.834160
26a8e30e-6381-4b14-8d5d-1ceaec2e7713,2946.74,SEK,2024-02-26 14:39:10.834160
dd090e00-b461-498e-90d0-07f5a2aba295,2191.22,PEN,2023-08-26 14:39:10.834160
50307043-c331-4369-982f-88c6cab61d67,3526.59,BOB,2024-02-12 14:39:10.834160
eb94141f-61e8-4241-b829-b0744548d7c9,3134.93,HNL,2024-03-06 14:39:10.834160
ff9793be-58d2-4795-8a1e-a06ff0af20af,2952.8,TZS,2023-09-29 14:39:10.834160
5012b2df-0b87-455d-b909-35ba46f1758d,948.23,XOF,2024-06-02 14:39:10.834160
8acdbdbf-4627-4697-9c37-53947c5a3e4d,4673.99,SDG,2024-03-14 14:39:10.834160
9c804151-aedb-4c41-ad52-4156bf395957,2491.16,THB,2024-03-13 14:39:10.834160
9f8231a8-9d4b-4806-8aa3-fa4e341b58cc,3287.98,MKD,2024-02-09 14:39:10.834160
df597cb0-dd4c-4746-8646-5b9b9a14ebfa,1843.92,TJS,2024-03-27 14:39:10.834160
e00403aa-c908-4f78-a11c-f902e5870e1c,4380.57,ZAR,2023-08-30 14:39:10.834160
7657a254-6bde-47c7-8b4b-7b2d7279acef,2540.9,AMD,2023-12-08 14:39:10.834160
3034daa9-f4c1-4daa-acd4-6e4f54238c1a,1730.86,EUR,2023-10-20 14:39:10.834160
9646257c-6d30-4e1f-a90d-a8aa4ca534a4,315.6,GYD,2024-02-13 14:39:10.834160
1eae957f-e9b1-4b9d-8cf3-c7a45c9724a1,3975.81,AOA,2023-10-07 14:39:10.834160
d3aa7d61-ddd6-479c-aacf-1882620a4c45,955.69,GYD,2024-03-26 14:39:10.834160
bc43ce1a-30b0-413c-97f8-83859ffcc888,2638.58,GMD,2023-11-15 14:39:10.834160
8a8b8903-26ca-47b4-b4cf-562e7034ff54,4774.89,BYR,2024-03-06 14:39:10.834160
27b44686-7f80-4bfa-bbfa-2cd4f208efb4,3583.59,ZAR,2023-11-02 14:39:10.834160
a54066a9-4045-4f53-8ea1-89411f729dbb,726.33,SHP,2023-08-23 14:39:10.834160
16af81dc-8624-4499-af9e-aa74f6be5c74,3656.14,BRL,2024-07-28 14:39:10.834160
c4f9f896-c1c9-4a98-a9bd-3ae15b935511,3675.36,KMF,2024-07-20 14:39:10.834160
00b189a9-408e-41a9-b0af-41d5de015adf,3299.22,USD,2023-08-30 14:39:10.834160
f549c195-9171-4dd7-b9f7-38279ab4ab8a,2397.1,VND,2024-06-20 14:39:10.834160
25267a0a-f6d0-4655-bbdb-82e63da99aa6,2229.92,HKD,2024-04-19 14:39:10.834160
50752fb8-e453-4b7c-a3a4-6adcf069599a,234.57,MKD,2024-06-07 14:39:10.834160
f0ddf528-bdeb-4478-8bfa-f054e862e635,3323.02,ZWD,2023-10-23 14:39:10.834160
64ed7781-279f-44be-a37d-aa7a06bf70cb,438.01,JMD,2024-05-07 14:39:10.834160
a75c71e6-8050-4f9d-93b6-22b37fbc91dc,3163.19,LYD,2023-09-03 14:39:10.834160
5b1ca4e5-7023-44d4-8090-3b34ac0590a0,1974.24,EGP,2024-05-09 14:39:10.834160
deda9b2f-e5bf-475b-9c79-ddc585889755,4280.24,MRO,2024-04-21 14:39:10.834160
266c1c54-d4ec-4edc-99c4-19fdfd02e64e,1888.72,BOB,2024-05-01 14:39:10.834160
f1c17255-b4e7-4ef1-83b4-c355e981b6be,2105.71,CZK,2023-10-14 14:39:10.834160
14afb040-9d2a-49bc-86e9-3c5c08dfeb67,1081.43,VND,2024-01-24 14:39:10.834160
18539e93-26a4-4ff0-ab50-148ddc128b41,3940.66,FKP,2024-03-10 14:39:10.834160
58a48a51-3df4-4371-ae36-d6cdac4af523,4508.46,NPR,2024-06-22 14:39:10.834160
77976f39-052d-4910-94e2-75194b5cff6e,583.43,KYD,2024-07-03 14:39:10.834160
8cdf9d66-f2b3-45b8-8fd2-69ec78cefde5,2202.65,VEF,2024-03-15 14:39:10.835185
6fe60edd-caeb-483c-b34e-fb7c00b87498,2853.34,PAB,2024-05-23 14:39:10.835185
7f9fdbfe-c29d-4d5e-9de2-56555a7d9723,3584.95,KMF,2024-04-14 14:39:10.835185
896845dd-8966-4d1f-a10d-2b4974a00b58,3820.27,TJS,2024-04-11 14:39:10.835185
8da032ee-84ff-4264-9f65-f1e56c056d56,224.04,CZK,2023-10-14 14:39:10.835185
c2f10e31-469f-416d-bd31-2b4963ec8727,3548.23,BWP,2024-01-24 14:39:10.835185
46674c21-a0aa-450e-8b64-2a4d9f2246ba,2415.03,FKP,2024-01-21 14:39:10.835185
09f1231e-2e79-4fbf-94da-4f5f86237b53,4445.12,TVD,2024-01-09 14:39:10.835185
6ad47a95-b2af-4577-bf09-427b10aa0124,468.03,PEN,2024-05-23 14:39:10.835185
53b0d06c-f05a-4697-8335-91822512a8ef,2750.97,BYR,2024-04-22 14:39:10.835185
eb8da4c2-1082-4530-88e2-a55b225136d2,1531.13,CUP,2023-09-10 14:39:10.835185
f404c962-8a0e-4c4f-b905-6b1f0da05dc4,2350.94,MWK,2023-09-19 14:39:10.835185
e23d7ffa-fbc4-40b4-bb83-642acacb5f13,3234.84,JEP,2024-03-29 14:39:10.835185
602baf37-2ffb-4a3c-b18b-4e54ba825b6a,2089.22,LBP,2023-12-25 14:39:10.835185
780b436d-8d61-4c29-af59-bda8b2d81cac,930.45,ARS,2024-05-23 14:39:10.835185
2a4bea1d-6500-488f-ba9c-a07da47f52db,212.4,KES,2024-01-13 14:39:10.835185
932ff1f6-0ea8-456b-944b-c9215f334b07,411.5,BTN,2024-04-29 14:39:10.835185
e8569570-7895-4526-af7d-364fed203878,667.27,RSD,2024-07-01 14:39:10.835185
88eed6d8-e2df-4ac2-ad22-acf0f254334a,1967.77,MWK,2023-09-01 14:39:10.835185
36e47d55-9bf8-469a-b4f5-49db49ef2d70,913.43,KHR,2024-04-27 14:39:10.835185
008e4ec5-adc6-4b25-9088-cf9a483fc869,2659.69,HRK,2024-08-05 14:39:10.835185
c95f96b8-59e8-4e09-a907-b166546b23b1,228.38,PKR,2024-03-31 14:39:10.835185
838226dc-193a-4164-a181-03ac04e4521b,2852.09,TZS,2023-09-20 14:39:10.835185
8fecadc5-4c1e-4ceb-a6af-e0bed5d8a291,4300.78,AOA,2024-03-07 14:39:10.835185
f017f30c-f48c-44ba-bcb9-ef072153deac,1468.1,UYU,2023-12-08 14:39:10.835185
5a9631c4-f2a3-4a45-9d11-be6d469904e3,1215.06,TRY,2023-09-12 14:39:10.835185
2a1aad20-60e5-4c00-9dd4-849d7cf4c462,2844.84,TMT,2024-04-26 14:39:10.835185
a10e9c75-c626-4c4a-b50d-76a6460fa8fa,4851.11,KGS,2024-05-28 14:39:10.835185
004d30b1-d909-4e22-b2d1-a3b086557ca9,2484.68,AED,2023-12-04 14:39:10.835185
7bf6cb95-5e18-4056-8f9c-2c640dd562f3,516.58,HUF,2024-08-02 14:39:10.835185
b11c21b7-3a1d-48fa-a5c3-4bf809e55d01,2779.88,TRY,2024-03-22 14:39:10.835185
0f86ae06-7800-4cf0-bc06-3a93bf55f7d2,1214.72,ERN,2023-12-29 14:39:10.835185
429d5564-26b3-41cc-a6c2-c586b16fa3c2,4071.38,JPY,2023-09-01 14:39:10.835185
7ecc0d55-3ff8-40da-adbb-2bc82a171b2f,3531.86,PGK,2023-12-28 14:39:10.835185
5d56ec77-1a7f-4e4d-965a-b70834d4e1b3,2770.31,GHS,2023-09-04 14:39:10.835185
481f76bb-7cb5-4b49-a11a-250cf917a9c5,2859.01,GMD,2024-01-06 14:39:10.835185
ec52b9e8-52dd-4c6c-b005-1a454ae5051c,4196.6,KWD,2024-01-23 14:39:10.835185
67fb859d-cd19-448d-bd4c-49432ee7a130,1767.02,LYD,2023-11-05 14:39:10.835185
26c71f46-e341-40bb-b33c-c613cc0d7fb5,2804.05,SAR,2024-01-13 14:39:10.835185
5285d1e5-ac45-45cc-bca1-7e91ffa9f923,4844.62,SGD,2023-10-12 14:39:10.835185
bbc49717-28ac-4c66-9fb2-26c3793493ea,3106.94,MMK,2024-03-11 14:39:10.835185
085a2783-2066-45c9-901b-7c035cdfc4b1,1213.9,LAK,2024-06-04 14:39:10.835185
22b4b6fc-0197-4ac1-b780-b5bfec1f9345,2469.88,IQD,2024-05-30 14:39:10.835185
90673529-26f4-47fa-9b57-bb1580e5eb4a,1488.85,RWF,2023-09-20 14:39:10.835185
48b0f59b-8e76-497a-a5e0-e84d19baae3f,2784.15,BTN,2024-02-21 14:39:10.835185
6cb2d4f3-a90f-41d7-8a83-30843c308f9c,3751.79,BBD,2024-04-16 14:39:10.835185
abbd03b1-fcd2-42f0-9297-356b225f27f2,235.78,ERN,2023-10-17 14:39:10.835185
b1efb51d-5c02-4b3a-bb7e-f95f30e0a3d4,905.73,PHP,2023-12-16 14:39:10.835185
2c25ed67-eb87-4ec8-bde3-59ec3e0dc277,752.2,DKK,2023-12-31 14:39:10.835185
36ef8a47-7d74-404a-bf06-b67e4d40f273,4423.22,NGN,2023-09-16 14:39:10.835185
c2f3c0f2-6d10-4d76-af42-65519c0cd55d,1619.67,YER,2024-02-20 14:39:10.835185
1add96f7-016c-4997-9ba5-24201dceb898,1564.17,XCD,2023-09-23 14:39:10.835185
80de5021-69f5-4ea2-a755-6e26d020106a,2862.22,LSL,2023-10-30 14:39:10.835185
61382c96-9336-49e1-b84b-6ecc470ded22,2903.82,BAM,2024-05-29 14:39:10.835185
c5e9c67d-a155-4b5a-bfd6-9c7dba6102ea,571.79,DOP,2024-05-31 14:39:10.835185
371e5bc8-0c00-41fc-bfe0-26a064ff93fe,4784.53,BOB,2024-04-02 14:39:10.835185
2dbd3871-7e7f-4ed6-b5dc-1005a4680c54,4760.45,GYD,2024-02-24 14:39:10.835185
6ab329db-1994-4cda-a549-bd03ebab830d,2185.98,MUR,2023-09-03 14:39:10.835185
376ed424-f2d9-4ae4-a746-1dc9c70529f8,854.11,CLP,2024-07-21 14:39:10.835185
2abb7fe9-279c-4de4-a054-f8bdc4dff935,4292.3,HTG,2023-12-20 14:39:10.835185
516db921-1a78-4106-a63e-6dd0cd3f4151,4201.86,HNL,2024-03-28 14:39:10.835185
a84432a8-676d-4d13-875e-6a6922a59d2a,1159.45,BZD,2024-08-10 14:39:10.836164
4997e92e-304f-424f-8089-28ced3d00bdb,2349.95,TVD,2023-10-26 14:39:10.836164
922faecf-098d-4bde-ae60-8d9d54bd40b3,4613.15,JPY,2023-09-14 14:39:10.836164
8e52eddf-3a22-473b-a412-2d158e78dd40,979.01,XPF,2023-11-05 14:39:10.836164
0d51e73b-001a-4956-98c0-c0887da9426a,1867.86,WST,2024-07-24 14:39:10.836164
3e90bd4f-3304-485f-8684-b260bfeaa5d9,4500.57,JPY,2024-02-25 14:39:10.836164
69cbd471-15bf-4a36-bcc3-d623bafcbd76,750.37,INR,2023-09-05 14:39:10.836164
89ff63f1-63eb-4b93-a2be-1e6f19dbed93,1274.74,VEF,2024-03-27 14:39:10.836164
7cdf930f-af25-4ca3-ba4f-d8f94d32fafc,4974.7,NZD,2024-05-09 14:39:10.836164
12ea1aad-2bd8-4f22-9715-6504100c350b,3020.27,UGX,2024-06-01 14:39:10.836164
f980e6df-df78-4b70-a883-55530225843f,911.09,QAR,2023-09-20 14:39:10.836164
30cf8219-9dbb-4cb1-8322-3210ed7c0552,3075.17,DKK,2024-07-10 14:39:10.836164
b047b158-cdf9-4ab2-a97b-96c9e4da90e3,2964.18,EGP,2024-05-27 14:39:10.836164
1390571a-b5dd-4814-ac63-9195c01d3111,4493.77,BZD,2024-06-28 14:39:10.836164
5aba84e0-42a1-4531-b92c-c73caf582ee7,1744.77,SPL,2023-09-25 14:39:10.836164
c498bee5-a8cd-460a-9c9e-e8ea69d08159,3425.51,CAD,2023-12-16 14:39:10.836164
91ade30d-8394-4b7e-8d7c-59d06d0197af,457.18,LTL,2024-07-05 14:39:10.836164
88304641-ae44-4369-9a79-b88a40838978,2617.11,SCR,2023-10-25 14:39:10.836164
52cb29d7-6967-4e4d-b9c2-57b98271c9b0,1921.39,ERN,2024-03-26 14:39:10.836164
4bce364f-e546-4953-a3e7-8678535ccd85,2167.92,HKD,2024-07-19 14:39:10.836164
13c7e5dd-011d-4c9f-803d-ba8b8ad4c235,558.45,BAM,2023-11-23 14:39:10.836164
9c51a284-7703-4cbc-8f5c-01b4dca5db6c,4704.2,LKR,2023-10-17 14:39:10.836164
52f6acb2-02e6-47ee-a5bc-baaf6498f215,1514.81,TTD,2023-10-08 14:39:10.836164
1ebcbf3a-8498-4323-966d-58159a8e8099,4681.34,IRR,2023-10-09 14:39:10.836164
01492ee2-3fbf-44c4-aac4-e488232390af,676.29,MVR,2024-07-20 14:39:10.836164
619f9b10-f132-4b16-89af-a43d130e6020,3603.77,CDF,2024-02-12 14:39:10.836164
d91bc23f-5d6d-403f-8d18-eaa0aed6b572,559.4,SRD,2023-11-18 14:39:10.836164
2d12682f-a88c-4e31-ab67-c7d6ff718efe,706.13,FJD,2023-09-01 14:39:10.836164
0c03a0e5-611d-4dc9-af27-a97a3e1de649,2834.32,IQD,2023-11-23 14:39:10.836164
21a779f7-1cfe-427b-9a4d-9338e8aeb549,4546.57,EGP,2024-06-03 14:39:10.836164
06df7e53-f4e6-4096-94a5-ed0e915f05d1,2982.03,MXN,2024-07-03 14:39:10.836164
c3c0b033-a0cb-4a7a-8742-e0177ecd646b,1326.46,VUV,2023-10-22 14:39:10.836164
f94eb7fb-3955-4c8a-867d-1701a69fde8b,3706.48,MXN,2024-05-17 14:39:10.836164
876845fc-7e84-46c6-b3d4-efc6bab255bd,4443.5,CLP,2023-11-24 14:39:10.836164
c2ca7ee8-c3bd-49a4-8685-91a7b8015dea,4196.25,KMF,2024-06-26 14:39:10.836164
efaf2005-8c77-4ef9-9dac-7d6f060d2d16,3158.13,UGX,2023-08-23 14:39:10.836164
eb2fa084-6176-41c7-a0cb-f37daacfe3a7,3115.04,CHF,2024-07-20 14:39:10.836164
3bdc3054-b8b6-4da4-bd70-37b113c59064,4891.74,CLP,2024-03-26 14:39:10.836164
7c04decf-4662-4e6f-af0a-a627a8dfffd5,1284.76,SAR,2023-12-25 14:39:10.836164
6b4d897c-628d-4a0a-9f17-fb3aa977f883,1085.02,TOP,2023-08-26 14:39:10.836164
50e0cae8-6173-450b-b4ae-63e44a474574,1707.77,GNF,2024-07-20 14:39:10.836164
2cea70d6-4f56-4786-b463-2e715cd4308f,4556.14,MOP,2024-07-05 14:39:10.836164
6bdd8661-2b64-4a4d-bd40-e4d57634e0d5,283.67,BND,2024-02-13 14:39:10.836164
3a0f722c-fcdc-442c-b0e3-4db80c6ce16f,4524.25,UYU,2024-07-05 14:39:10.836164
38056c97-e611-4af9-b928-27686ecdaeea,4354.72,ETB,2024-07-03 14:39:10.836164
79fa82a2-2d78-48d4-91c0-5325bed7990c,378.27,MXN,2024-04-22 14:39:10.836164
3b48e53d-de02-47eb-a4f9-e632f2259f6a,2329.9,ANG,2024-04-11 14:39:10.836164
b5b38420-3203-4f1c-af82-c73efbc8b6e9,4303.63,SYP,2023-10-24 14:39:10.836164
0c7c0cd9-039b-4322-8df9-76147f7e35ed,3517.39,EGP,2024-01-14 14:39:10.836164
5b0b8f2a-e4d1-4f78-8792-448bf73b909e,4029.94,ISK,2024-08-09 14:39:10.836164
460822e1-be50-4010-be6a-170c7f21ec50,951.85,RWF,2024-03-08 14:39:10.836164
c62a4510-551f-4241-8368-8eb0995c88d7,3789.85,KPW,2024-02-21 14:39:10.836164
84b2fb11-6fab-42f0-8ae7-d03d481026f4,1090.66,TWD,2023-12-19 14:39:10.836164
7cf10498-421d-4660-96c8-cb7139b47f85,4937.25,SOS,2023-11-19 14:39:10.836164
0adc9744-884c-42d4-9b26-13c82ea11ed0,3847.36,SCR,2024-06-01 14:39:10.836164
7ec898aa-d659-4266-90b9-8c2439fb76f6,1673.84,UGX,2023-10-11 14:39:10.836164
0bf58c94-b7cc-42c2-98f2-b7295a0a6334,176.75,NIS,2024-05-16 14:39:10.836164
55d307b4-e82e-4f05-9f40-b55a6ec2beba,1969.92,IRR,2024-05-30 14:39:10.836164
6a3335ec-5187-4074-8ee9-90c425794277,4254.09,XAF,2024-06-04 14:39:10.836164
4aac0677-4622-4975-a668-f5a80e344ef3,2503.43,COP,2023-12-10 14:39:10.836164
d60ce680-17fa-47bd-90ab-b6f758f299c1,4468.03,MWK,2024-05-06 14:39:10.836164
a5e18ee3-6377-4f4b-8af6-9c6e69be7c31,4237.66,BTN,2024-05-07 14:39:10.836164
242ea836-79fc-4ef9-ab59-8ffe568d6d88,1133.52,THB,2024-06-26 14:39:10.836164
0562837a-9267-4d18-a082-d6e80a276072,3350.16,ZAR,2024-07-03 14:39:10.836164
48e46746-56a3-4215-9123-832bbc7630b6,2331.31,MKD,2024-08-13 14:39:10.836164
7f947ae4-e121-4e4a-920d-3d7f3d1bc4e8,3803.19,DZD,2024-01-24 14:39:10.836164
bfbe5ac4-d600-4e74-88cf-4a39e31551eb,1143.24,SBD,2024-03-27 14:39:10.837159
6662b0bd-1497-4360-9ac3-8a967043d1ac,3030.84,SEK,2024-02-24 14:39:10.837159
1111a507-a680-4b27-89c5-ddf665695185,2687.36,LYD,2024-06-06 14:39:10.837159
cfa14a4c-773d-4aeb-b9f7-4e3e12bba26a,812.28,SHP,2024-06-27 14:39:10.837159
e52db665-ea5a-46ce-bd17-93e157dd4246,951.95,USD,2023-09-30 14:39:10.837159
29e1da5e-c99b-4be2-bfcb-e354c0ba5eb5,4712.95,SPL,2024-06-09 14:39:10.837159
8d18d831-b08b-4385-9349-7c89407658dd,2215.26,STD,2023-10-27 14:39:10.837159
4740991b-5e5e-4cc3-82a1-3da574959b1d,3874.45,XDR,2024-06-09 14:39:10.837159
695c096c-105c-406d-acb3-0d40ce2c3a0f,2396.72,KZT,2024-07-01 14:39:10.837159
9e9bf2bd-eea8-4492-87f2-3427a9c25880,2208.0,NOK,2024-02-17 14:39:10.837159
86bb50fb-fbf9-4933-8515-02156d04117f,2176.82,NZD,2024-04-28 14:39:10.837159
e97d66d5-74bb-4aa5-86f1-588dcab72233,917.54,TOP,2024-03-01 14:39:10.837159
3fd67a12-b977-4cc0-a2ab-89b22bf8636e,2339.93,KRW,2023-09-10 14:39:10.837159
ca771e8c-4494-4fa1-94de-c43c8304a9b7,1412.62,AMD,2023-08-30 14:39:10.837159
b3286290-b723-4d9b-9aee-cc3ed11de9a0,756.95,LSL,2024-02-04 14:39:10.837159
2195704d-0cbe-4237-8614-86a9bc1242f6,1119.6,SYP,2024-02-26 14:39:10.837159
fc5c0420-b3e3-4a08-8b19-88c348b6eeec,2446.7,GGP,2023-09-16 14:39:10.837159
38e5ad41-e56a-4d01-9452-49cdb16bf1c0,4629.36,BSD,2024-02-20 14:39:10.837159
f19194d8-0dcf-4dfa-b32c-c707258e3d76,2239.67,USD,2024-06-19 14:39:10.837159
ebe9f3b7-7b39-4242-b3e9-2386477f8839,190.66,LRD,2023-09-23 14:39:10.837159
7deb14ad-eb87-420c-8efa-34cdd5be50f9,3072.86,IRR,2023-11-16 14:39:10.837159
da74c749-e6cf-4df8-aec2-5b34a59fe71b,1996.66,ISK,2023-10-18 14:39:10.837159
6e896684-a4f9-418d-a866-b47b3fe44251,2563.14,ZMW,2024-02-09 14:39:10.837159
d3befa75-4ea2-45e3-b04c-71e45d43c6d8,3640.07,UZS,2024-02-25 14:39:10.837159
0d4eadf6-c741-414e-af93-cdca6d9b033a,2731.43,ETB,2024-03-27 14:39:10.837159
3e370223-6084-4b15-9d6c-1af44ee2e44e,1393.13,ALL,2023-12-12 14:39:10.837159
1dd490d0-3ee0-4836-a5c6-6dad55dc51d4,4442.9,NZD,2023-09-12 14:39:10.837159
5ecaf21c-e392-418f-b237-43773d87f853,3441.57,CAD,2024-03-09 14:39:10.837159
a01275de-6a18-4bad-b0dc-6505d1f00b3f,4300.19,AED,2023-08-30 14:39:10.837159
4c0492b1-5a5e-4b0b-b096-d5b24d00ace7,4268.8,ZWD,2024-06-27 14:39:10.837159
ffa531bb-9a7f-4d28-9240-6d36023ae317,1523.54,NAD,2023-08-25 14:39:10.837159
2ce3938d-4794-4f2e-aa08-3248e811dd43,861.39,PYG,2023-12-08 14:39:10.837159
0759c8e5-a961-42dc-9a97-0702b9b89ff3,1289.37,ETB,2024-03-06 14:39:10.837159
c6a6298d-9b34-427d-a752-46f74ad7c4ca,3084.05,TRY,2024-03-30 14:39:10.837159
47f51b63-9bdf-4b2a-bf48-0b8e7db722f8,3794.0,RWF,2024-02-18 14:39:10.837159
718cc0e4-7a77-45c0-8cd4-5e9d21dcdf02,2855.39,NOK,2024-06-05 14:39:10.837159
e790da76-e202-4272-ac88-a6320b015c6d,3870.34,AWG,2024-05-30 14:39:10.837159
7a78d959-b05a-4a1d-801b-d64627a5b5f4,3854.95,MNT,2023-11-01 14:39:10.837159
6479364d-7b8c-411e-95f6-58c0901a6830,3549.61,MKD,2023-09-02 14:39:10.837159
34991a1e-17ec-4399-9047-649b40dbcd0d,4721.07,ERN,2023-10-13 14:39:10.837159
3467fd8b-ab3b-4214-84d1-e323136e9a94,4454.07,LBP,2023-12-28 14:39:10.837159
aa819c5b-2dfc-41c7-86bb-1513c3a9155b,4072.09,VUV,2024-01-26 14:39:10.837159
4ba4f1bc-aa7e-4138-8b64-98642d17dc4f,3747.54,XDR,2023-12-16 14:39:10.837159
3ad5577a-1783-41a5-94e8-0cda95b3d50b,1505.94,KHR,2024-06-21 14:39:10.837159
b795c309-d03c-4a87-af02-84ac4a28f39d,2585.48,CDF,2024-04-28 14:39:10.837159
944617b9-224c-4f16-818e-00484139811a,4899.42,YER,2023-10-25 14:39:10.837159
