retailer_id,distributor_id
911773a7-fa0b-41bd-8a0e-83b1e77189c8,dd7494d9-e0a6-4902-8146-a15ce9a730dc
c50e2048-c26b-4380-9e7b-6a61ddfa4fd2,1c38f491-2701-4f9d-b5ed-76457a5e74d3
182dfe56-a6b9-4a2b-8c56-7597c8f1c490,1876580a-94e5-4840-9cf0-6067ad7db55d
10cb4e99-e531-4e60-a8b7-fcf4812ca0af,dc1c2564-7fc1-4f80-8df7-34de349a36ad
c85f686f-dae0-47d7-bcb7-8aaa56e1c073,22a1c8a5-995e-4f61-a9d0-0b054614a8db
34dff4ac-80c9-40a3-9986-a2d5e60087db,56a99f1e-906a-4deb-8b9b-a508472be189
5f6b9a5b-e08d-46ba-b0f8-edf425642ba0,597d1a36-8938-43bc-87a7-8ba2c2414699
6b959692-66e9-4b24-a715-7b18bed22511,c42de25a-8c21-4a71-a5d9-0e36cfd8e256
c83b1e83-6067-4a27-b490-948a40d42c99,9969b0a0-54d8-4a12-aab4-50b921eb5f5c
8ee5659a-b6f2-4409-b454-9ae757d86386,33c8c5af-2b5c-40a3-bcaa-1521418694f5
ee2b0832-2208-49b0-85ea-afcee7e92dc7,fc94b48f-f3fd-4719-8776-4f47498c524b
6ac67cab-a63e-468a-97a1-680fd256d785,cf3c338c-1896-447e-bc04-55b9a906c965
1b55e495-be99-4752-a0fa-3c9c813da3b5,737f3ff2-a048-420a-afae-5737b53d064b
58fd382b-7652-4550-8ff4-253b1c9149db,ccce5016-d073-4f44-add8-165c135864e3
c42f073f-f690-47b6-800a-46e78fb2bb77,705486c9-9820-4262-9836-40e61e37f649
dd018ab6-8500-4f18-85ea-3fe27aca3666,897b8e18-a0b2-4525-8c03-ef284b4c7915
b6a7e0a5-e70d-4001-8072-7f12985957e7,85f10383-1ed6-49e8-8a91-98360bb2c6a7
40cdac4b-5dea-416b-bcaa-98fcc429d7e4,6c2f3db2-ead2-4084-a675-7eecb6f0171d
e23ed7c7-8749-4970-bf55-d08c7f5fcd8e,1a3eec37-2f10-407a-bcf9-2c57ad753120
ea154789-0870-4e30-8b36-4368f3724e38,530100e7-ddbc-467c-8321-e6898e86d9b4
3585a501-c936-41d3-823c-370a20f24c2f,5d549a29-a761-4fd8-874d-199fb6b693f6
401fcf26-fc05-4be1-bc80-cf0c3e5f9af4,b10024c9-cf0b-4193-b11f-27442dc49c4a
c89e5359-4d63-44a5-8658-0f3630e7c492,dc1c2564-7fc1-4f80-8df7-34de349a36ad
0a74d078-e427-4feb-a8be-ad3451a77391,272c6872-8eb2-4f73-b8df-5673fbd770e9
0e110f7b-9995-4047-bb76-8bbd57f829cf,ba6d06ac-39fd-4cc6-8b7d-5da8b4044f86
da82e776-b390-4664-87fa-34a373bc220f,c52a59e3-6f2a-46f1-b5a6-18d4f30c6b61
0b9cdea6-4210-4fb4-a5ab-b21e8b5b4ed8,8df63879-47cf-46dc-823d-d1b657bfa081
686acf1b-f550-4331-b837-7f17a7153e40,03326d32-9069-4cb8-8a2d-ae988812d608
3db1ec9c-caa8-4610-8332-d38fce0fa498,7b6d3c22-0ebd-47d2-9e11-f4b09235a183
e7ed8ce9-9e78-4020-abe7-7767c6670290,ce08de4e-288c-4355-8edb-b95ed4b3b8d9
2f5aa509-b9d5-45a3-abe8-475388ffc38a,16574009-c5ea-4654-9d54-e69cd628a451
8d46bf0f-64c5-4242-87ee-5e1a5ec36315,21e8fba2-d9e9-4b4f-b822-9f56d5521dbf
31b10144-4b9f-4571-8472-646f8f00d98d,c75f8f41-2dab-4a14-a393-a83ca20d251f
1f29ff8d-3a02-46a3-9033-e98941c72ff3,fde6b5d7-f7d4-4ba9-b48a-c50b2add5445
bec5dec7-9e99-4ead-808b-ff523a4fd422,27388984-74c9-416d-93f6-dee06f4c5d91
7e114dd6-b87e-4f2d-9c5f-7907e8cda38e,4fe64c2b-a7c7-4886-897b-49d338ac28dc
a33ef557-c8ce-46f3-a978-00503d77ff4a,7df58f6c-fe06-4cef-85e9-70dc21d97878
657cf1e7-fb0d-49a6-ad8a-1fe99fcb371b,2262ef36-9380-4f90-9ff6-35540e5a90c4
aedac820-e7af-4b17-a521-1c7f28e59723,c2dd7724-5f9a-48be-b9d8-5f03d12823cb
75ee210d-01db-48d8-b615-eacabe62c849,a1c3eb77-7c87-481e-bba1-6585261e5b26
c3b822ca-30fc-403b-a0d7-a10664fb76e6,cee03652-945f-41ed-bb25-d6696795c1d6
484a3748-f8c9-40bc-a815-627b1f5ab446,0986d899-2120-425f-b5f2-f4a74ddf6a4a
12b057bc-703f-460d-947e-9ad32e94dc47,1236e3e5-24f9-487b-a5e5-6f7966854ebd
e23ed7c7-8749-4970-bf55-d08c7f5fcd8e,2b4fee79-b63e-46e7-9131-a1be8be7bcef
3a4e3564-6bc9-4dc4-8bb4-f87ac6ab6ea2,d6bd9ab0-8914-40fd-9a8b-3499c1ee9e87
33b467d2-dc51-4cf2-b1f2-16c4635f6c20,05a290fc-7031-469d-9f75-c4807939b47e
85c91187-5cd1-4c63-9ae1-25c6a243c06e,39d90953-3e5c-4666-b335-7084d83f8a80
fe142fd2-9a16-4968-9d74-f7a454faffb7,afb33b36-bfee-42d3-8e4b-4c126b56dfcf
8f4a422a-2858-4193-ad33-7c7612c65782,284704ad-b237-4ba0-8bd2-7489afdca5e7
c44685c3-cd30-45bf-8d00-141dccf45469,cbda7130-316e-4f3c-afec-d919cd89d9d8
4c8e65ab-b3d1-4e09-a253-c99a3d9d783e,c0ac53d0-3b3f-4f9b-bcbc-84f45c615265
ce30a8e4-e00f-4a6c-b246-307aa98f2015,56375b4b-5d42-4e26-ada9-04b8354c2bd6
e6f081a3-d27e-4882-b662-e04a1d5e1eb8,9aea9295-b202-401f-ba31-01c76ddee43f
85c91187-5cd1-4c63-9ae1-25c6a243c06e,07eb8421-0e97-419b-8c73-c5ada021b77d
308000b5-7ba9-4e38-9462-665756a20ca6,33c8c5af-2b5c-40a3-bcaa-1521418694f5
cbf8ec2a-0cef-4500-b2b5-1282c8079e66,5d28d647-17c4-41e0-9e91-f99fdee77d08
803f1ead-a521-4b31-822f-1f798358ef6c,99466be8-1e28-4708-afb5-1cd649eda9c9
aeb14b0a-8059-4bf4-be20-32037b17b806,635e6855-31ca-4899-9137-eb1d460a3b32
a51a2e33-3798-44a3-b30f-70a5b63d0c70,82535d05-61c8-4d6d-a890-a77b7dc37526
ea154789-0870-4e30-8b36-4368f3724e38,ba7793c4-04ad-4f07-ada3-c501f45dbb85
167027e5-9b4c-4735-8d5c-91d70a413e26,8b8e2dbc-31cc-4ded-9ba3-d7eb900d482b
efaf9247-7a6b-4c32-8b0a-5a8b1e22e2e8,eafb40a9-84e8-464a-835d-485c6059b651
6021f332-6b19-46ae-80f5-29b0cb77c816,f181d57f-be18-4411-a1d8-bfcd513f98ef
6fbe9840-09d4-4bc4-96d3-fc3c01ed9bb1,319dde6a-7c10-46c4-a491-ad4488a74ce8
f06b731d-d3fd-4e21-be97-b2fde4c48a46,1f1cb963-320a-4563-a70f-6c4644ef0c1e
d6729486-0008-49e1-b32c-91b9e3f29d26,694c8c4c-8417-4dba-b1b2-cee7476396b8
317636e4-6179-4e92-8066-be04331d6cdc,2739e39d-2085-4b32-8f98-71a5cb0fce4e
f1cebd31-14e5-4103-ad4e-5da999afd660,f682a4d7-8d06-481e-a157-17240ec260a4
8a93817d-80d0-45fc-8b30-872234fe7b32,15f12023-045d-4155-82fd-29fa5bff847f
186324d3-57f0-41d6-8e51-b4572173e3e1,33c72238-a235-4f4e-a2a9-887d33fab3dd
e690d789-3dfd-4514-852b-8397a615044c,82a7ff30-56d4-4708-a757-44bc0c2d5245
2dc3d087-fea8-4129-9f91-3e8d4c4bed5f,09df49d8-0bf5-4dea-adf1-aa3f452781b8
c4025dd0-9e5a-4b7d-b8f5-f13c5f89fe56,ba6d06ac-39fd-4cc6-8b7d-5da8b4044f86
8f4a422a-2858-4193-ad33-7c7612c65782,532f4bd0-9a23-40b7-932e-0731d170c72b
3116a9c0-736d-41d2-b26d-5a5e491160db,a0ee1c6f-400a-40f7-ae52-b665fd8ae3fc
057f63de-2ae7-48a8-856b-3e974586aa57,5fbd5a09-661c-47f9-b291-45c591d4bc3a
a7e1538d-195f-46a2-ae70-650bceded608,b3bc9269-c507-4dc4-a685-6340072fba23
e4ee26d0-df96-4b99-b30a-98bc45241e11,194fde1b-70de-4fe0-928f-53a257ea0a90
097740cc-6d3b-4f53-ad90-32ca62214f11,7e85f56c-00ed-44a8-9bde-a030a07ef71b
efaf9247-7a6b-4c32-8b0a-5a8b1e22e2e8,1b8b13c2-c5c2-4938-b9e3-64cabd0faad2
a3bec796-c1c1-481b-b39c-98bcc422c561,c71aa594-8c91-4cc5-b246-2ec5b8b658de
33e673b9-73db-4120-ab91-8dc3c89f4e93,c981bd26-3480-4f47-a330-1fdce0920d18
ad2b5374-fc21-48ec-a429-6c45d947c6d0,64fe2e6b-3982-4b3f-983f-0e8b4b54b678
03c48e1f-329e-40cc-8065-7815e08703f7,c369cf37-5fda-45f1-9190-a26f5b0f20f5
80831115-8629-4f56-8481-f415d36167fd,34c649d9-ff5d-4416-89a0-183f634c99a5
cdfea637-acb2-4a63-9098-3e38547c29a4,7d37e210-cbec-45d2-af49-8871911f81dd
4dd0775e-d290-4c11-b690-977fe6bd1c62,43c07b03-5ed4-47d1-8d18-42fa2e7dddd1
8775ab2c-d057-4d42-855d-dd9920e4e491,c75f8f41-2dab-4a14-a393-a83ca20d251f
86cc804b-3914-4554-aa9a-e735939c1464,498e652e-79c3-435e-a0d2-3199e65479a1
1aea14c6-3af5-4c77-bd85-09e05a4b53d2,9d5c8480-c388-4483-aa29-bb27d2593eb7
33386119-a332-469c-8d7b-de4d869cbe6d,c9b5ad41-17fd-400e-9963-8a5c338ce6a6
a4ced51d-f25a-4fb8-8685-5d7b11c23aac,ce21fdab-374d-41fa-a3b9-59d8c68c5b2a
c084189b-7e88-49da-b702-b4ec2ccee31e,02ec5228-e37e-43a9-9eda-e47c840b0148
eac4c8d6-5a74-4f3b-a0f1-e00b03b79e44,219d9aa5-b9f8-47b2-83f6-7943d970e6cc
d2d8a44c-60dc-48fa-abea-bbc64851c6d7,438e0b06-5741-424e-be9f-4520a3d4c3f3
2dc3d087-fea8-4129-9f91-3e8d4c4bed5f,1c4f2c37-ed22-48bd-8a13-d29b62b7ab8b
9183bcfc-a69e-402f-a830-142af4c27231,6425d221-faee-458e-abab-99a62e2c3a4a
876353ec-77bd-47d0-9df8-5dbcc229e175,ef405c5f-1277-448f-8d42-eb742e9fc6fa
83ff9dd9-d552-489e-a0f2-e9b9988f5f03,a73371bc-c883-4e94-a413-c1e927248849
66e4760b-942b-4552-9680-d39c495e68a5,0f164922-84f9-4b8f-85dc-351821c8cff4
a84212fb-489f-4d01-a3ba-1d2596b4b71c,a73371bc-c883-4e94-a413-c1e927248849
fccaf41d-ab84-42e3-bc1c-3bcb16c31658,70c7b5d3-8dac-4551-9e74-9182d1fefd90
fe8d1fdb-558b-4f3d-a12b-dc0bf5a9ed0c,f97b2180-1ac3-4457-ba77-d581bb488764
10bf4fb9-6b2f-489d-b5a1-6b2a2c9137ac,f6a4dd03-fe65-4a79-9c98-040cfeda67ba
93dbe78b-b8f0-4173-a347-3bdfa0fcead7,1a3eec37-2f10-407a-bcf9-2c57ad753120
5b3adcbf-5a8e-4a23-a181-6746b3327f7f,d5c29243-3d14-4861-9af2-34c606c8985f
74368fa7-54b6-4fc5-94af-2f4420c63f2f,e0f6e532-9887-42a9-84bb-c616097b2c4d
cd6ab868-5da7-44b4-9685-6ceb7a367591,36963c54-27a3-4852-abe2-074b70608a60
62fed681-1f29-4c81-beda-14d35d82106b,0b4975c6-ffdf-439e-8a83-aba86ad57941
b79c457f-311f-4534-84ea-19e8a02a9926,dae49748-ca3d-4b25-8611-88f492031569
5909f773-0374-475e-8f97-e8ff1ea067d3,0de0aa1f-3892-422c-9584-53becccde773
98b2524b-8d7e-4b8a-b27c-85923fabfd86,2754980c-64b2-4b59-b05d-e96a4b346c1d
779029e8-fa09-4787-8698-d650a5f2d265,aa32177d-2208-46af-b82e-19b5c927facb
2dc3d087-fea8-4129-9f91-3e8d4c4bed5f,dce45202-3d7d-4827-bf27-0a80344dbf12
ee9e91eb-e87a-4039-9916-ef1592d36576,5d28d647-17c4-41e0-9e91-f99fdee77d08
d1460f79-7c66-4b16-9d65-343cc6d06700,ee9f44bf-dca4-4df6-98e5-9cbde1ef4355
02c3e155-c9d1-473e-8db2-b23a840a739a,9452686d-692f-4722-89fc-7ac3765ebe86
f1e1cfff-e71c-4e02-ba24-6166c96aed89,650a3bf7-5551-49af-854c-52ad57985da0
2556da85-d5c0-4e99-8441-3040082aa516,e3929f5a-29e5-48f4-8962-589fed6750f8
fd570519-3953-4f9b-80d6-f04c03aa3f42,0446844f-0658-40e1-8819-9ba759e2849b
aa22d434-7818-420c-b031-e22319995415,cca3cfc0-7690-4eb9-9bab-8d6b896e2abc
9c2fc307-faaa-48d5-a8f3-0268bec60118,4717fc4d-99cd-4a5f-ab2c-584184454cd5
c53a301a-e23d-4af2-a869-e0f522b0c9a1,b871e716-fff3-44b2-bb8d-8aa97595a022
df0711d3-5bce-4f0b-a901-e3a49223f7ae,4717fc4d-99cd-4a5f-ab2c-584184454cd5
d2af3090-7625-4a9a-bad0-cefaa5ac8b25,7cf0bc2f-0711-4be9-bb3c-d57bae3da9e8
c843cd75-5d7c-4511-aede-88427556574f,396bf663-d32c-4568-9dde-e8105e634217
dc14904c-51c1-4a69-a347-dce7d5217623,365d52ae-bf2e-48da-880b-5b4156789f51
a26aae39-10c7-4b9b-beb3-618fd87022bd,795e0088-deea-471d-aff6-30a1aa178d4d
3f89e696-6d63-46a0-82de-10bc32f6d0c7,3b34a810-d940-4c15-bec9-b5a571886bbc
c9f988ce-6803-4537-8fed-254369bc1b44,1b866963-a22d-47c6-962a-c79734d27f2b
c423d6d1-9f65-4eea-ad8f-fb209665561a,c156e763-b3ec-4a79-96c3-2affa1f9f7e7
14ff6510-3276-4892-83b9-0379d4dbf5c9,c8f423c0-6cce-418c-9b90-cfbd446dce9d
978172ba-3ce6-40a7-b693-15d4b77ba456,2f58adb8-9080-460c-908e-80db86e939b1
769c863e-2892-4906-85ce-bf65d860ef15,064e266c-2de8-4392-8739-86be2bf65127
0ae10263-9543-4731-b4d4-d159c376b94c,8b1af4dd-818b-411a-a107-fc0b36e6f99e
d7a0c3e5-e273-4da9-93c2-e330f4cf7c9c,9b3dc9ba-f94a-43b4-923f-1e58334b636d
6ac67cab-a63e-468a-97a1-680fd256d785,b4a9d76d-8f46-43a7-aafe-876b231002fb
891a16c2-735a-4d2e-b454-565b69b55164,af7ed369-6efb-4d61-883e-f938be923416
1d8937be-2db3-4d9d-a19d-f3a76c8084fc,d84767a4-542b-4be5-9289-94c63721e67e
dd018ab6-8500-4f18-85ea-3fe27aca3666,664a412b-f428-40f1-8a93-070f8580ed50
fb9e02c6-f948-49c0-9c24-b01d89447fe3,0b48e670-3a03-4399-a8b2-724f7ac27227
c7acbebf-6654-488c-917b-517c3f00781d,561886bf-bae2-4942-b079-8538cc818521
08cc130b-88b4-4a0e-9f0c-46bfe04adbbc,cb39b9da-fe83-4ecd-bcef-d4b541ac6118
6b847025-c833-4272-878e-b80dfdf89d7f,cca3cfc0-7690-4eb9-9bab-8d6b896e2abc
b7c0449b-9daa-4c14-b2f3-b72882380fbe,606722d4-5604-41c1-84aa-92bd0147c86e
ddcf8afe-f874-4c90-b97d-c797664aea07,a4dd18cb-efd8-49c1-86be-fb7f64ae6384
6b847025-c833-4272-878e-b80dfdf89d7f,1cdb4302-9fa8-4607-b0dd-6c20dd4aab2f
8f01901b-8eae-4924-8cc9-e48063799c69,e1652006-0bb2-48b5-a350-dca1f3070500
700183d1-7c9a-49d5-86d4-b0feae61ee28,9482f765-e3f3-439a-8814-1c18b76f88b2
12aa3f8a-5e44-4a9e-ab74-8dcfd3b2c432,2b4fee79-b63e-46e7-9131-a1be8be7bcef
e3e75592-2cea-4cf6-8cac-6391ca04209e,09df49d8-0bf5-4dea-adf1-aa3f452781b8
c423d6d1-9f65-4eea-ad8f-fb209665561a,56a57f01-1cec-458f-89cc-a77b203b88c3
e429e9cf-d24c-4a8b-81ae-11c6165f9a80,ee9f44bf-dca4-4df6-98e5-9cbde1ef4355
062458ee-8440-4371-92b4-e95e60422485,9418ff33-7af4-40c7-8206-71c3ed667f6c
b1fd3174-17ad-431a-829b-fdbf6938250a,56547a1a-9d5f-49ba-b2a1-5b2c3b8484a6
d1fed18f-efd8-4431-b47a-8ce0101a159f,ebb0e1f7-92ab-4fb1-9241-48becc6c750c
a1ef4938-f2eb-49ea-a209-00161d7d07cf,d1960792-da32-4795-9e45-1558d630871f
272bab5d-7de2-4bf0-b359-a9d6399d5c62,9ac66500-2477-4e32-ba31-6b3da497ed6e
85545fc3-ebf3-49fc-bf7e-9e32759ac795,957bcd2b-aeed-437d-8ff4-e2690383b8d7
ed9d6dc8-9f5a-4406-bdb9-178354d0bc73,c3bc7513-fe62-4cec-8686-b1d9fc26f01e
561b3695-3c99-4997-81f9-a30b86eda4b4,f835f27a-b1e2-4e5f-b116-1879da30e0ee
c244c01f-218f-49ee-a113-d2500e5fdb63,4e2130f9-054d-4d2e-a348-6d07bd247e00
f8045661-6c9b-4acf-8d8c-b32a3bb02eb1,0f979b08-7b9c-4c99-ac65-4f73ed537e4b
8f4a422a-2858-4193-ad33-7c7612c65782,9ac66500-2477-4e32-ba31-6b3da497ed6e
5f9ecfe1-c30f-4ce7-a2f7-a1207b04a4a8,f11a7343-b81b-4dfa-9a8a-83d58101a659
cbb87695-ffee-4e34-a8bc-9a5fa4cd334a,5fbd5a09-661c-47f9-b291-45c591d4bc3a
1570919b-782d-45f3-b58e-739fb32c6774,da815c20-8322-424b-9115-b628de5f129d
99be2d42-fa6a-4eb8-9037-6fe51c8fe445,2e7243b3-d67f-4516-803e-4dc1a8bc8803
bbb31263-da92-44ee-b5b1-4b14c01400cf,a4dd18cb-efd8-49c1-86be-fb7f64ae6384
8fa9f903-a08f-46fd-8de0-178f0b14812e,22322382-5643-46c4-a1c5-42936c6a2c0c
39c13254-c6dd-4d32-b23e-a76e9c31e106,1bf005a0-f78b-46a5-ad4b-39a34205bc81
c66adaba-0300-4cda-b64f-3d60fefb31c0,ab7c82aa-3949-4e2b-8611-ed92dfddd6bd
4bd90989-f51b-4629-af34-d68ba7d2fc92,43f8099e-b3bf-4c34-ba32-4205e1897fd7
0f244c88-0d16-4341-b962-d8bb58a2418b,86d7b797-75fe-4f18-a61c-e2a252e359a6
c44685c3-cd30-45bf-8d00-141dccf45469,25f4f366-4f88-462f-978b-bbd0fd48e6aa
b88444f2-13eb-448e-b300-d20859e46850,38b3f0cc-2b4b-4ccd-bf5a-2fa5c99de62d
67b9a16b-4039-4b66-81d6-2de77b3fbefa,a79ce855-7a7b-43cd-a29e-e8bb3f577518
38c364b6-7edf-4780-8a0b-e1747e7b70ac,171a4066-a10b-4fab-bb95-dd485bcc662a
8eb25d80-5ac4-4aaa-ae52-e6318392b1cb,3c7fd54b-853d-4acf-b8df-f5eeebc3794c
9fc50831-1ca7-414b-b70e-28b23f27ec0d,07b04d2f-a5f2-4237-90a4-b7dc42b276b3
c360ff84-81a0-4304-952a-18fbb4dbc43e,16bb0688-d9d3-4cff-9c46-cd0d0a5bb061
229eefd6-8e2d-40f9-a38b-e6f3cef33e24,bd94d541-05d0-4df8-9f19-da39a40dc7e5
5b3adcbf-5a8e-4a23-a181-6746b3327f7f,2ee2b19a-ea29-439c-a4e5-860e3ea10ae8
4d194a3b-0751-4003-b9fa-7cdc0c19f2d0,c156e763-b3ec-4a79-96c3-2affa1f9f7e7
f80aa311-ea21-4ec3-8f64-f30e60ed6694,7ea82f8d-2d59-4f92-8699-8efd51c5dff2
641487fa-d794-490d-9bdf-13ff2cb13f26,a092297b-2521-489f-a311-1b1b9410172c
cf24ab64-527d-4d6a-98c2-69e4882fc2cd,b3bc9269-c507-4dc4-a685-6340072fba23
946a45df-a684-4dd0-be29-906782e93661,7178eaf9-eb77-4434-916a-9fa4d2098d27
92f0902b-e317-4a8b-af48-8e7b8c7e001e,219d9aa5-b9f8-47b2-83f6-7943d970e6cc
08f441bf-c2db-4aab-bcb4-b9d76bda749a,7d821527-83de-41e9-b8fa-a8f719c8d44e
0d5906bd-c36c-452f-92f3-0fa44ff87090,e2a7fd3b-dfe6-4543-b217-2801bbd6863f
34e398b2-3335-4610-963b-7926d332cff6,b9a297ee-5ed4-45b0-aafa-6f2f8587e473
6d2e8720-3ec1-41ea-a439-34e115e0680a,0446844f-0658-40e1-8819-9ba759e2849b
650eca41-6cc6-4755-8b3b-7a9bfc4508be,e155cc93-042b-445d-ae18-4989430ca365
0f244c88-0d16-4341-b962-d8bb58a2418b,2466e8eb-fa39-455c-876a-0368e4f76f75
d805a746-a508-41d0-8f8a-5a9dbcc45571,6284b8ee-b928-4195-881c-e451997ce88d
c468420b-6733-44ba-860e-4a507ea4298e,c2b2e3f4-19a9-4c08-8c09-44ada9a8465e
10cb4e99-e531-4e60-a8b7-fcf4812ca0af,f4c9fe58-248d-4d94-9472-874ac502951c
f9b15f2c-1dc8-4e41-b1c8-4797e484d20c,ac04ba08-1eb6-401f-8d70-43f22e825a4f
d28abd15-2622-425b-9fe6-de51d8dc8487,dae49748-ca3d-4b25-8611-88f492031569
f313bab4-462c-442b-bc90-0a485488e15c,3a115449-382c-4bec-b5f8-1a31badd4e80
f34ee445-bf34-44aa-b513-da0caef23605,9b450ca6-1fb8-4a21-a660-3b1fbc984ccc
9fc50831-1ca7-414b-b70e-28b23f27ec0d,a4691806-6e18-45ff-adbf-331c150d04fd
e3b9b573-6cc1-43e4-a980-fb3a06071b9d,819bbc98-cafc-41d6-8f88-f8b115f295a7
e5444f0d-7b0a-4e92-9fad-aefa47b3d57b,1b866963-a22d-47c6-962a-c79734d27f2b
fd570519-3953-4f9b-80d6-f04c03aa3f42,0b4975c6-ffdf-439e-8a83-aba86ad57941
09ff5d27-4801-41ac-95ac-6e4fe3aef1cf,6536d7e3-e2c3-4f00-8a08-ca165fe0d822
a991c95a-1e76-4209-b68f-1e497758c5c0,e8202f80-276e-435c-b81c-9c92cbe30aca
b06ea364-ab03-4d58-a15a-2f8151326822,688c6b5f-f6d4-4c9d-b2e3-a752a6ea457b
7414651c-d77a-4219-a812-a03a443ea776,ec46bef5-221e-421f-b783-c809cd09b0ff
5100983f-f99b-4140-af3d-d8947fb1b139,6dd38026-d3de-4ebc-8747-fe0e1fddd0f7
07ed2a2e-e2b5-4d7f-8a6c-ab2c47a8d72a,0de0aa1f-3892-422c-9584-53becccde773
409783c4-01cd-4feb-978f-c15011cdb28a,73c3467e-9db1-4c1b-bc26-5977ec319f16
3e93af12-dd08-418a-9381-5c100faa5fb6,55535095-9cf2-4514-a383-2a58696841b8
b80a98c1-b845-4f62-9056-94a9478a024b,884955e4-9029-4eb5-9134-201acb237100
c244c01f-218f-49ee-a113-d2500e5fdb63,fea19e67-a991-44b0-9b85-ca274cad1fab
51ff96e0-a21a-4f94-b51e-0cceca6e9a43,9dce69e1-e77c-422a-ae76-78f0efc3b510
1bd70f49-a1c9-43d8-848c-1feef9f8e424,22d1a7d2-b76b-4c1f-8891-d207f39557f0
0df4fab1-fbc2-4472-850b-9a87a90c7891,58efc9ce-bd3b-4885-a27a-a1bc767708b5
e6070046-4f8c-46f4-b080-c21a19ec80d2,6a928c6c-e153-4bd7-a540-7a997654aa9c
a8b007e0-8f65-458d-b975-a05b75a5a5fb,ee78247f-c2db-4f30-b9b2-f7577b21df95
72429aea-552e-4287-b06e-a6c8dcc164dc,d8afcbc6-138d-450a-886b-1acd0aa734b7
a9623eb1-f8a0-4b6f-819d-23aede88d068,86627980-296e-4e7b-bc5e-5b28b2d90208
d1fed18f-efd8-4431-b47a-8ce0101a159f,156c7531-04c4-4ba0-8d0a-e162c1fd2b61
312aa933-7a29-4267-8ec9-5d20b78c15fd,705486c9-9820-4262-9836-40e61e37f649
e23ed7c7-8749-4970-bf55-d08c7f5fcd8e,96949b68-8493-4115-92ce-d0f264868595
111cdfbe-2aa0-46e0-b23d-5676c7d436c1,fde6b5d7-f7d4-4ba9-b48a-c50b2add5445
062458ee-8440-4371-92b4-e95e60422485,06c68ac0-0aa4-4b8c-a0bb-535334a23e70
aa948af1-a30c-4cb5-83af-94aff5cb4ec6,0986d899-2120-425f-b5f2-f4a74ddf6a4a
09286b19-0a38-4fb4-bf94-9ee49896319a,95a7a548-3ff9-47d5-a332-d3cd5a416e9d
ee3a17c2-1e0b-4856-b362-8e1d92d1bf1a,cb5ca9fe-0fe1-41ee-b26d-af3e5825ea23
2a1f3cf9-51bb-4895-a8f3-32153d536cc4,7e85f56c-00ed-44a8-9bde-a030a07ef71b
1aea14c6-3af5-4c77-bd85-09e05a4b53d2,dbe04916-9cc2-4488-978e-10996e8da433
7da8a3bb-fddd-45fc-b70c-c67f658433c1,b3576ba7-f78d-4876-ad26-dad77d38ed49
8d46bf0f-64c5-4242-87ee-5e1a5ec36315,b86e743d-7a52-46f1-8ef2-5de4226af4ee
a289d3b7-e229-4dd1-b25b-2815f064907a,832a8f9c-247c-4295-ae3c-1984f19b1760
a049cdec-a33d-4bdf-882b-7ba3d5d3182e,b65ed562-1129-4ad7-add4-b5e8ffac86b0
e9c0ec20-78b5-4cc5-8f68-b5801a4c6aab,2f71cb52-2db5-4bb3-981e-18452e883c76
daa6f5ea-5c1a-4085-9353-d3e20d614607,93567a70-13ba-47e5-837c-20e567a57c40
1692fede-9831-4550-abe4-ef15dd1adaa0,1c38f491-2701-4f9d-b5ed-76457a5e74d3
24fa2edb-a077-4193-ac3e-90843917aaa6,cf3c338c-1896-447e-bc04-55b9a906c965
177e9b7b-7243-4693-9fa9-9c0a4fa510b3,ec2ded83-1751-4b02-9089-df076ed474e1
fc02d1d4-d905-4eab-a65c-b311f38e34d9,44a630a2-62f8-435f-9d94-655ae0e19132
df0711d3-5bce-4f0b-a901-e3a49223f7ae,adb5c8be-903e-454c-94e9-2023461b2385
be66a44b-6c6d-44d1-94f6-14eae94f5a60,75ebcb4c-ab0a-46cd-b24a-94e041724019
321c0675-ad44-4276-ae26-752a280a8eec,eac65da6-41a5-41ff-a8fe-ca3d337931cc
50b44e1c-6cb2-494f-9c7f-c4797f7234dd,0457f3f1-2c01-4880-8660-d0ac62389e86
1ebe3953-4199-42ab-b0f3-f44187305b5a,31ca5fd1-96d9-4010-9db4-6e75dd10a3e6
fd6ea836-2cd7-4526-b32b-ab0070e8eeaa,7df58f6c-fe06-4cef-85e9-70dc21d97878
a8a6eb28-1ced-4080-a215-2e799a10232d,d5610fda-de36-4bd5-a1fb-3a0e9b2da54f
3b7f4622-364c-43ed-b068-7b180a5a5308,b11527c5-7c7f-4c8a-b6b6-2efb584bb043
3b7b8d4a-d526-4175-99e6-cefbc79bb64a,eac65da6-41a5-41ff-a8fe-ca3d337931cc
94dde1ed-2c35-40b3-a514-d8c13bbc4340,7e472bbe-e866-4283-8afb-f1f6e62ff4e6
e2e4b709-9ec2-418a-96d4-04c7950415fb,b34b4376-bbf4-4272-9f40-e5c818cc6f58
c1abf404-6f9c-4b62-a958-35bb342ba54d,0cedfebf-2bc4-4c2b-8695-a688310382c0
98b2524b-8d7e-4b8a-b27c-85923fabfd86,02ec5228-e37e-43a9-9eda-e47c840b0148
ce6772e1-3333-41d1-99d1-5b03751269e1,8b4b2bcf-970e-421b-b26d-71400b5958fa
613141db-ef86-43ba-922f-569db41f8be6,281f7e5e-adb7-4469-aa71-2563424bf3dc
057f63de-2ae7-48a8-856b-3e974586aa57,eac65da6-41a5-41ff-a8fe-ca3d337931cc
633a9367-1792-40b4-aaf8-0f2b3572392f,27388984-74c9-416d-93f6-dee06f4c5d91
6bae9b8a-b7e4-46ae-9e7e-2ab32694c7ee,e5a2ff75-e9a3-4531-ac93-9c0eed3d6e32
9470e460-2f43-4db6-87b2-198b31b627e1,fb51590f-a092-4829-85f6-b73109c152a7
3e951567-afe2-4cc8-8305-567f4fe9e6c2,afb33b36-bfee-42d3-8e4b-4c126b56dfcf
7414651c-d77a-4219-a812-a03a443ea776,f0d56d7c-7f1d-49a3-afbf-7c684d5f7271
dd20ddce-711f-4f5d-9a7d-6ebf31d0c91b,925cb492-39f7-4376-ab3f-8c463b76a37e
62efc601-94ae-4ec0-8211-b0328505e65d,d6d95b86-8941-4041-8aad-ae412126b69f
68426dcb-d921-42f6-9d16-36cf77c713c4,8061bd30-6207-444d-adaf-93c86266b620
261938d2-e1fd-4a87-bef1-b7408fdf45e3,e97ad41e-18f3-4452-bc29-e1a50f0a00d7
656cce4a-0147-4981-aef2-acaba8e6ed94,b5cac183-d9c0-4b23-917c-7089835c0386
a33ef557-c8ce-46f3-a978-00503d77ff4a,74aca51e-6b56-461d-9dc4-95cb9e7605e0
c169e435-e09c-46dd-b9a3-003bfd119612,28bd9835-8a97-4841-bc04-aaa820053d20
2526f62e-6874-4ccf-9df0-d85f0d6c1037,62c07e47-1b17-48fa-bfb9-18ab518490ba
b851a6f0-5c5f-4e43-9c14-76d6cc23b3a4,1d80bb44-d460-4f33-bb81-1d4e0a02b99c
b8359f15-6510-42ab-8208-f73b8f5e0d28,d8afcbc6-138d-450a-886b-1acd0aa734b7
bae6b9e3-752a-4d59-bd4c-2d1063f04629,c9042492-9106-408e-9155-a0ade70765a9
bed3fb4f-dc68-4715-957b-e4e2f7352a06,69a8226c-bbd3-45bb-9717-f3fb535388c3
f4de5f8f-5800-44bd-8f3c-7758a250af21,0b6e4298-1ac1-485e-a372-1bc861cedbcf
92f0902b-e317-4a8b-af48-8e7b8c7e001e,b86e743d-7a52-46f1-8ef2-5de4226af4ee
ab8042c7-05c8-431e-abad-f22b458d6d0b,925dceee-8239-4fee-a452-3dd4b4aa9632
5839ed10-d1ef-43ec-9fbd-75768268fefe,b34b4376-bbf4-4272-9f40-e5c818cc6f58
fcf08558-3b00-4d88-ab5a-b0ad27c87cbf,d5c29243-3d14-4861-9af2-34c606c8985f
1291cb01-b087-42bf-9eaf-f47284007a6a,a750ccfa-b326-490f-8391-da79813b6710
c60fee94-c937-486d-8724-5c6afebcc99d,689d784b-37aa-4871-834d-5f7510f2e234
1a1287c2-6136-4b99-94b1-435e3def6eb0,b5093ede-045c-4770-b11a-75a8a6cad87c
bc8ef9cf-aeb9-4402-97bb-23d2a9107055,dae49748-ca3d-4b25-8611-88f492031569
ed9d6dc8-9f5a-4406-bdb9-178354d0bc73,0446844f-0658-40e1-8819-9ba759e2849b
03be3371-c269-4751-bdfd-f87cbc5fdeec,06c68ac0-0aa4-4b8c-a0bb-535334a23e70
34b9591b-32d6-4abb-b6cd-6d9bba3fa33f,2cf5e51b-3821-4453-b495-8f3ede4c7215
cb2c53d2-d224-48d7-9fd3-13a27920c8dd,d84767a4-542b-4be5-9289-94c63721e67e
d7a0c3e5-e273-4da9-93c2-e330f4cf7c9c,374fde47-0fcc-4361-bfd3-184179ddc9c4
1979c8a5-af12-4d93-b6ed-03853461358d,03326d32-9069-4cb8-8a2d-ae988812d608
321c0675-ad44-4276-ae26-752a280a8eec,2e9c2540-411f-40a1-9d2b-ce51598e4971
e4800bc2-fdde-46b4-84ad-49583629990c,9ad66b91-eb9b-4ee5-91a3-3b0dc441fec8
a9ec7446-ca6f-4600-9a8b-a82d5839054d,d38777e9-011c-498a-961a-b6b4d2218c48
97e8a745-ff33-49b2-a9cd-cabdfcc0c021,b5f37e55-4874-4152-bf8d-55f9e4e5a46f
ee3a17c2-1e0b-4856-b362-8e1d92d1bf1a,c202901c-9cbe-4104-8cab-1edfbc680387
ff6a210f-fa7d-4893-b16d-04d50b24914e,2b464f8f-c7fd-473f-b4a6-e5f33f942ec9
876353ec-77bd-47d0-9df8-5dbcc229e175,e97ad41e-18f3-4452-bc29-e1a50f0a00d7
222a7355-f3d7-4dca-936b-b77d4bc2f8d3,17faea10-e8c6-46a4-af0f-2f27b66df31b
ac1ec1e4-80ae-4f12-8657-23ae2a184537,0e9a5162-cb80-40f6-ba59-e5235f4d7a11
55c9ba4b-9d33-48ca-a7bb-e1c2e7f46929,acc89e3a-f03b-45cd-beba-86e4894019c2
baaabde1-4574-4df6-952f-98b76a1020df,a4fd46da-3508-44a1-9cc9-05b661c97227
2f5aa509-b9d5-45a3-abe8-475388ffc38a,f8d8c006-442a-4e90-8537-146eddd3fbe3
e4ee26d0-df96-4b99-b30a-98bc45241e11,8bd251ba-7eb2-4536-adc3-22afa4a82ef0
321c0675-ad44-4276-ae26-752a280a8eec,10e5435c-009a-4bf0-80c3-380efd79d476
34dff4ac-80c9-40a3-9986-a2d5e60087db,ec2ded83-1751-4b02-9089-df076ed474e1
aca96b1b-7028-4830-a1e9-4b99af751441,99153ed9-9ef1-4213-a144-3d60017dadd7
09286b19-0a38-4fb4-bf94-9ee49896319a,cdacbd71-85f4-487a-bb09-e1cfc3745561
83bb1d06-c2fb-4a2f-a8fe-49674556a25b,e97ad41e-18f3-4452-bc29-e1a50f0a00d7
db394e5d-c2a8-43f7-8d70-f9c31478a594,70673f72-691f-4f9e-96ef-50243a5d572e
e6f081a3-d27e-4882-b662-e04a1d5e1eb8,c9b5ad41-17fd-400e-9963-8a5c338ce6a6
dcd9bdb6-5eec-48f3-9a86-d372b3d2fa92,171a4066-a10b-4fab-bb95-dd485bcc662a
041e489f-1c82-46e4-bf51-b560cf0294fa,971d6866-54ce-4fd6-88aa-c844abbf1d72
94ef2004-0142-4c6d-b5f4-b1b1f3d4c84b,29bb4258-4d0b-48da-9a63-a0918c7d3a47
54a761b5-5e9c-45aa-a7a0-33cb097eebb4,3908533b-9f78-4e7c-8105-76bf91083b26
4524361a-05dd-4858-aa86-50a4d166a1dc,53273926-c726-4d49-bef0-c44ed717a408
9646621f-3855-4ff3-a5d8-f43387ac5d8a,95a5bfa4-33a7-41f3-8fca-b208da3b8282
2e87a4ed-2df1-41be-8657-a558828f25be,ee9f44bf-dca4-4df6-98e5-9cbde1ef4355
2a94e344-5ed1-4705-88ad-1032edb1af08,5b4ff536-0e96-44bd-a831-6ab7b868788c
d196b5db-df00-4db3-8e5f-9a2c04ebd852,99466be8-1e28-4708-afb5-1cd649eda9c9
58016887-11ab-4f3c-ab84-db8b631e179a,1c4f2c37-ed22-48bd-8a13-d29b62b7ab8b
8a397a5d-1285-41f1-9dcd-f609617bc61c,f7dff8fb-a0d5-49ec-85d0-71c432b7f5f7
a84212fb-489f-4d01-a3ba-1d2596b4b71c,8b99ff44-804d-4403-9689-91f4397ed66a
b5cc9be0-5c21-45d9-b25b-0eaab81b6f8c,67204bc2-7856-4510-b26a-59be7f91ca82
af69ebc5-634b-45e2-9f6e-33e71050a935,3f490e36-d2a9-4c65-93fc-df153062f59b
1bf9e01f-afbc-498f-b43f-3dc04ff4363c,7f6be7a8-b2b0-4be7-ae5a-e8852f4f7189
7ac6213e-10f1-43a0-8e13-5c95c344f20a,06f7cca9-4643-4a75-a5fe-103befe898c2
5e0b90ce-3893-40c3-838d-8901ea372945,5bea66fe-fdad-4e3d-91d1-0c085bb625e6
65771b87-f59c-4a73-bb09-006b1c06e5dd,c669d4d8-7ea3-4fd1-aba8-cd8b00dcafa1
b9d31e26-7944-42f6-bce0-5c42cf76a012,daadcc85-3e61-4d0f-8b24-fd6b3a1d82fc
c50e2048-c26b-4380-9e7b-6a61ddfa4fd2,1bf005a0-f78b-46a5-ad4b-39a34205bc81
f4c987da-8e00-472d-9cf2-db8beda5fdff,a2a3ad0f-4a83-4ebd-aa11-fa526b4e7ba1
2c8197e7-cbe8-4e0c-9122-7413df96d517,07eb8421-0e97-419b-8c73-c5ada021b77d
3cc2bd44-e2ce-4d11-a25a-b14c007aa8ad,e344300a-76d0-47d2-8d25-09be5d1d6490
3585a501-c936-41d3-823c-370a20f24c2f,ff0cb14c-3a18-4002-9607-8e8fc7a5a14d
b48bc4a3-6650-4b2d-98ca-4805a76ffa74,1261a888-9b1a-4125-9609-c5d93db2496d
e0d9bd8a-e8e6-4350-8217-6d0d817235f9,4e859bf4-1d94-4675-8ab3-a69bb9ed0535
fe142fd2-9a16-4968-9d74-f7a454faffb7,4d2d2fa7-7e96-484e-aa01-f471501b8259
e9c0ec20-78b5-4cc5-8f68-b5801a4c6aab,6f4b0988-d2bf-4a04-8637-2a3a83827e43
af69ebc5-634b-45e2-9f6e-33e71050a935,b8d6e06e-9602-491c-96c8-896e5bc90854
d1304518-ee1d-4806-a26b-e86983c15469,b32637e8-e623-4fc7-b79b-7ca7892f407d
40cdac4b-5dea-416b-bcaa-98fcc429d7e4,4748e692-ef25-43dd-ab87-b02c6e8633b4
fe9a1fd4-b877-4d13-b3a6-f58cb8d79cd1,f11a7343-b81b-4dfa-9a8a-83d58101a659
84d2b0f3-48e5-4c3d-9f26-c9f7914fc0fc,c37e1573-5d44-407b-933d-c2a2c02e472c
0f2049a2-f067-40d9-9c4e-90199a1d6d22,04965e10-bc4b-41a8-b1e3-2cbbd9923dd8
c4b3b873-e922-4076-9973-877c8d941849,7d821527-83de-41e9-b8fa-a8f719c8d44e
d1fed18f-efd8-4431-b47a-8ce0101a159f,971d6866-54ce-4fd6-88aa-c844abbf1d72
b27d2084-e939-4612-ac0e-43a460d3a03f,3c7ca5aa-df5b-46b2-8513-4f1b975df74c
222a7355-f3d7-4dca-936b-b77d4bc2f8d3,6fca1973-cc9a-4620-b86a-46bdf04c0bb4
af8c06cf-5894-455f-8b12-44481cf77a9d,1f686f9e-dfbb-466d-bb2b-2200deb15ab0
20a6849a-9efe-452a-913e-411e74c3c302,22a1c8a5-995e-4f61-a9d0-0b054614a8db
193ef399-597f-4239-8729-bb8aa4ba3ed2,4e2130f9-054d-4d2e-a348-6d07bd247e00
96e191d2-9238-41d5-a4b9-c0ccd3510008,dc254682-f800-4186-a9f2-1d4fee9ac9b4
7526a51c-1136-44be-951c-5f2a4d829b66,e8a122ad-28f9-4046-8689-ff860bf2d98d
9e3c5c3f-9a56-489f-ae16-49855afc6af9,d170e329-227b-400b-a4c7-28db9d7eca7b
f4de5f8f-5800-44bd-8f3c-7758a250af21,003dfd48-f2a8-4e8c-a95c-52f04a3ce248
65c1fee0-4551-4e83-8b8d-37d3cbfd6f32,8854176a-4e3b-4b0e-9855-e4a0e8fe27ba
2d9ca39f-f078-4cec-ad90-ea5c1ab4efba,2ef6590e-c479-44e0-a01d-b2a6a49c58b6
468b46ee-0e6b-4bad-a312-ff75c5656ae8,43a890c3-47c9-4ff7-9613-5ed065851a7b
04641d26-f483-4d30-ba15-0757000ce5c5,3ff76e0d-f57c-495d-baf6-459032dd1035
598ccf51-abc8-4a83-90cc-68ff78eca438,36c9cb8f-6588-485d-9114-ce6cc296e16c
9bef23da-8d32-46ec-8c8e-54bb1a6e13b9,a79ce855-7a7b-43cd-a29e-e8bb3f577518
94b75557-fe5d-4cc7-85c7-2335543b719e,c52a59e3-6f2a-46f1-b5a6-18d4f30c6b61
229eefd6-8e2d-40f9-a38b-e6f3cef33e24,e2a7fd3b-dfe6-4543-b217-2801bbd6863f
d136ed07-0e0a-4fe8-9660-e5eeaa13cc52,81995555-ab30-4a41-b449-63a8992cc09a
9c2fc307-faaa-48d5-a8f3-0268bec60118,de113cfb-e6a6-4b6b-8b6a-d538eb87e1f2
a62bac9e-f555-4cfb-a9fb-d62cac365b27,3696a206-f982-4683-9bdf-ef35b0f357a5
cabb6d44-5e21-4de5-97b6-e6ba6f6e29db,99466be8-1e28-4708-afb5-1cd649eda9c9
508dec46-06d0-4a6b-be42-2faec8a81340,97042ee1-c47f-4a8e-842e-1abe603c16ad
638200d5-870d-4b87-8e17-ad71765e53b4,512bb9b4-e567-4abd-ab9c-82ee019c4b4f
4beae3e0-5868-407b-a9a1-3df4f026b92a,6284b8ee-b928-4195-881c-e451997ce88d
cfd452a0-f662-4c71-aa4d-7d0ec2491b0b,85f10383-1ed6-49e8-8a91-98360bb2c6a7
ca292ff9-e0bb-43c0-8e38-334cd2806ff0,fea19e67-a991-44b0-9b85-ca274cad1fab
16142017-67bd-4750-ad8c-32a46eaf0ac6,68285918-e21a-43f5-a31e-313394a071f7
58016887-11ab-4f3c-ab84-db8b631e179a,9580f1d5-0dc7-4f99-bbfd-94459b6c1eae
344018e9-0457-4c41-a9e2-868b184a0fd0,fb709782-8897-4842-9392-255d92980bd7
16c94e28-0d9c-480d-806e-6c35a9c5e989,d432281a-8d80-46d6-8487-a957c0988aca
b79c457f-311f-4534-84ea-19e8a02a9926,2e7243b3-d67f-4516-803e-4dc1a8bc8803
59d8b6c0-8418-48e4-bce1-42de23cce986,68a60213-36a6-4c6f-9f39-11b41a74d90c
d136ed07-0e0a-4fe8-9660-e5eeaa13cc52,66dcef01-1be1-48f1-80e8-4971facfc4cc
d9487d4c-0307-4cd0-96eb-3b2fdb126c5a,270b626a-145a-47d8-a03f-59619b2b8c40
97786999-f9bb-4628-a6c2-071c77102b76,7d821527-83de-41e9-b8fa-a8f719c8d44e
8573fc77-0027-4860-9629-0703b289770f,aa32177d-2208-46af-b82e-19b5c927facb
c6193c57-81d9-4f32-9f91-2e2abd98fdf4,7d3b4450-70f7-46e6-b68d-0f415e716cb3
e1e96a44-da93-4143-9b33-2f51859bac0d,dc95ce86-3ddb-4e78-b3cf-e6c6c1246a13
14ff6510-3276-4892-83b9-0379d4dbf5c9,492b73bf-61eb-4cb1-bb8d-7fd420608343
0dacbb36-1007-49f8-80ea-e2b26172a9ff,a380b526-3ec6-40df-8a04-5d23306c5975
a26aae39-10c7-4b9b-beb3-618fd87022bd,5864be33-b7ee-4076-b300-be4194a227ca
0fd0957f-defc-408e-b1b6-258baa107a0c,7b6d3c22-0ebd-47d2-9e11-f4b09235a183
1cfdf24e-81a4-4713-a1c9-37e51068caac,d52b3545-4c61-40ce-8ce3-b91ee0aa230d
f6207a9f-d91a-4163-9b0a-324f1900d532,7f825117-dca7-46c6-a7ad-9730ad9585d5
f63a553a-81f6-4a00-ae98-bda4cca2e133,9710b5cd-b6b3-4bba-a8c2-1bc17cabc52d
a8b007e0-8f65-458d-b975-a05b75a5a5fb,689d784b-37aa-4871-834d-5f7510f2e234
2f3ad221-6052-409b-8caa-64d12f14269b,3d41cb45-898e-43e4-a664-c39eb2887381
c1665b99-7314-479a-8554-900317101c6e,f83c1cd0-0953-4403-9a97-82a8cda57b86
c894ba08-4356-4a2e-a6fa-9c877f72c54f,ff0cb14c-3a18-4002-9607-8e8fc7a5a14d
488cb1e9-eca0-41a0-815a-902dac44bcc8,c3473236-d4f1-440d-b5e6-9f98b1ee4a2a
7d508887-a235-4f6b-8113-11d27b30c90d,ce4a358b-57a3-4cb3-b384-5f177c9c0cc6
5e0b90ce-3893-40c3-838d-8901ea372945,a79ce855-7a7b-43cd-a29e-e8bb3f577518
bccc82ef-41df-4f71-8851-494724d2d60d,834f7bb9-25e8-4ec7-a718-087240d44dd5
d387c718-e859-44f7-b048-f3c239e48346,e3eafb06-b516-4f51-8619-0ae02fe2e2e2
fad260ba-2c2d-4505-bdd6-6889e10756f4,3646c6a2-bb71-4259-b029-89ab8ada21c0
caadbe9f-6d32-40b9-adc7-2ffe2d1c326e,7ccd0622-d848-4099-8c16-447490390698
2fbeca59-09d8-4c0a-bdbb-ccb69dd8f79b,21b7ba89-80ca-4493-b7eb-2dcfb05d20d6
2310535f-0005-41ae-982f-9d5b42ada787,17faea10-e8c6-46a4-af0f-2f27b66df31b
77a54fa7-6b0c-43f3-89b4-8933772f0dca,b078e238-96f5-4729-ac95-c1b86b6f463e
253fde91-4edc-4cbe-94ed-af8d05ea0a65,54c33ae0-8122-425f-a1d0-7226dc1acf25
613141db-ef86-43ba-922f-569db41f8be6,356b0d7a-b0cd-4a3a-817f-3a1703f269e2
14365807-3372-457c-b461-b256410563b6,1b650f0a-22ba-43bd-81e8-0b1de1a36f11
6ece9f6a-e24a-4b78-b476-eb452d0b49fb,9ac66500-2477-4e32-ba31-6b3da497ed6e
bb549eae-a71f-4f63-8978-7777b308569f,b66ca46f-1820-4d0b-bd63-9acab8aabd8d
e6979cd9-89bc-4eee-bdea-80ac96f9bcf6,20cd1d1b-cc5b-48dd-a8f5-9be9f67da553
2310535f-0005-41ae-982f-9d5b42ada787,82838176-3ace-481f-94f6-2fdebb1f0a14
eac4c8d6-5a74-4f3b-a0f1-e00b03b79e44,efa851ad-07bd-488e-9916-368db9c226d9
44dd0d3f-e9c0-41f0-b242-d2efcf7e2fd3,17bbeb0f-7a48-426b-9652-cab760b332c7
6fbf45ac-9fed-498c-9a56-6c6267879cfe,171a4066-a10b-4fab-bb95-dd485bcc662a
d347c136-0cd5-445d-9488-7f0f4670f7a5,a0ee1c6f-400a-40f7-ae52-b665fd8ae3fc
a62bac9e-f555-4cfb-a9fb-d62cac365b27,a53436fd-f3c2-4c9f-8f2d-6f2c1881bed9
236fbe54-7d4f-47e4-bb99-ce40fa0cbd22,24ea3d90-f87c-46db-ada5-6facdc674597
b8359f15-6510-42ab-8208-f73b8f5e0d28,7d9a3441-bfb0-41cc-9520-83ecf4767648
762b62c1-4dda-47ff-a6c2-0114bfd6f5a3,2ef6590e-c479-44e0-a01d-b2a6a49c58b6
bb549eae-a71f-4f63-8978-7777b308569f,7ea82f8d-2d59-4f92-8699-8efd51c5dff2
2d9ca39f-f078-4cec-ad90-ea5c1ab4efba,a79c5031-31e8-4330-9fc2-6dda84a4c486
93dbe78b-b8f0-4173-a347-3bdfa0fcead7,8adc3134-0caf-45b6-ac65-81345d1c2711
1ddba939-1e8c-4f38-9bce-13960be622d3,3e73dcb8-de06-4b0d-8fab-65077c367752
e29fd81c-03fe-4c46-96d6-60c564634c58,ec8c8fb2-c1d5-40f9-a163-507771d957df
e9c0ec20-78b5-4cc5-8f68-b5801a4c6aab,66eb8b23-887b-49dc-9dca-ea3d37b4570a
ee3a17c2-1e0b-4856-b362-8e1d92d1bf1a,a79c5031-31e8-4330-9fc2-6dda84a4c486
ebf8cb76-ff84-4e35-9251-cfa35ed8f63a,34bcc449-b294-498d-8f6b-2ad90c9d8249
86cc804b-3914-4554-aa9a-e735939c1464,3d05ee7c-5235-4b83-b0c9-5cf8d229a9ab
dc14904c-51c1-4a69-a347-dce7d5217623,6f273243-8e91-40ee-92ef-cb3637e38222
febc5822-b1ac-4b81-bacb-7c799daccae0,e6f910fe-a7f6-497f-ab8f-e4ce9073aa75
59e7df20-4071-4d2b-b811-d65befab773e,eda554e8-6e7a-4cf2-a65f-70c2f2816340
bed3fb4f-dc68-4715-957b-e4e2f7352a06,1ae7d9bb-19b9-4382-90fd-0467cb455ba4
946a45df-a684-4dd0-be29-906782e93661,3d05ee7c-5235-4b83-b0c9-5cf8d229a9ab
6fbf085d-b9d6-41f7-9ac4-94228777b159,1d48e98d-f7f8-46d5-8c76-a5ac117979b6
44692704-3fa5-479c-ba97-a6f204c9be9c,2b464f8f-c7fd-473f-b4a6-e5f33f942ec9
a9643935-c01d-4600-b804-8c865235bf88,01df6ada-e395-4ad2-b3f2-af7364b377d3
4c34be93-b2f0-43c0-8e09-c1dc64546513,19864a0b-be6b-469a-a2b7-a7f67447a017
444cc3a4-e2a9-4444-a175-6cb85af72156,4e2130f9-054d-4d2e-a348-6d07bd247e00
cb79645d-7083-46da-927b-62e97f1e7c75,8f799086-1597-4506-ac67-760875b8af39
a4ced51d-f25a-4fb8-8685-5d7b11c23aac,ec2ded83-1751-4b02-9089-df076ed474e1
a02830b2-2072-4c95-bf00-7c3fd33aaf8a,335976e6-b948-4872-9a85-b65b7f4a87a1
33386119-a332-469c-8d7b-de4d869cbe6d,832a8f9c-247c-4295-ae3c-1984f19b1760
c244c01f-218f-49ee-a113-d2500e5fdb63,6f8b472b-4fba-43be-a611-6c3cc8d61405
c2e6f399-9372-46de-97a2-5df5f81e11f2,e56d8963-bc5c-46f0-9c3a-321395d14033
a51a2e33-3798-44a3-b30f-70a5b63d0c70,4c2858ba-c6df-4d72-abe4-4e5cbf303135
6021f332-6b19-46ae-80f5-29b0cb77c816,d06788a0-0d75-43f7-ac5c-37b215a03e80
4c34be93-b2f0-43c0-8e09-c1dc64546513,d5c29243-3d14-4861-9af2-34c606c8985f
a4f4774f-78db-4a4c-9167-2877bda2b134,87226f47-ec47-4d20-82d9-c9fc307d6eed
32ec904a-fd75-4bbc-a4b5-5ae022c5c1c7,fdeaeee5-6151-42a4-9bee-0b82e8f923de
222a7355-f3d7-4dca-936b-b77d4bc2f8d3,ac7a9367-c673-48d2-9f06-be5559736d08
068f8cba-5fad-4b24-877d-3cbfdd8bfd60,9662242a-b7d1-4f76-ba81-2cc8b8f7a672
0a0bf314-f9b5-49ef-a0b1-27505385096b,dbb295df-3475-45c9-bcb8-d056700ed7b0
23e8edfc-c21f-4a24-913e-f7666f259a72,81145516-4a2c-4549-8636-4dc4ec0aa11c
8267080e-7bd4-4a6c-ab18-3b970f8573b3,5a9898c8-feb6-44c5-8e78-d21acb96f33a
b805756a-3965-4815-99f7-2d8bd3ae3d38,b4bd131a-1a6e-42b4-b790-f67548fc417e
f3655e84-1142-4fd5-a7ba-66f3f1f38ced,1c4cdaec-3f8e-4594-8832-08e7ad170e41
ecebe414-ed49-41bc-89ce-b49b48f23020,8b8e2dbc-31cc-4ded-9ba3-d7eb900d482b
a8149f0b-920e-42fc-876e-d5fdbf2bdf06,50c892c0-c44e-410d-9a93-3ea70767d057
65c1fee0-4551-4e83-8b8d-37d3cbfd6f32,6c20c0e6-a9fa-4aa3-ae04-1627c611d321
b79c457f-311f-4534-84ea-19e8a02a9926,17faea10-e8c6-46a4-af0f-2f27b66df31b
e5444f0d-7b0a-4e92-9fad-aefa47b3d57b,f4c9fe58-248d-4d94-9472-874ac502951c
ac07621d-0448-4e54-8b26-4547a124bac8,32605778-302e-4fb8-b9bd-032c1a5016b0
220dec36-73d5-44ff-bdca-5c8d780a9bfb,ba76421f-ffeb-43f5-8819-7ec2ccef4d13
5ede17df-66af-4a35-ad3e-6a40cee25d1d,f5e0328e-9e48-43e1-ac8f-dfc6e00f17ae
9470e460-2f43-4db6-87b2-198b31b627e1,8ee5945d-a8cf-49cd-9d94-7d49878acdf0
3cc2bd44-e2ce-4d11-a25a-b14c007aa8ad,ad0169aa-ebf7-4b42-9269-b0705de23725
7cff826d-e424-48c3-a8f9-d07732051976,142fafc8-9851-44b5-a594-acf4249cde31
8775ab2c-d057-4d42-855d-dd9920e4e491,914db245-0e9f-4da4-a404-52ddfcb2abab
a5d6aa48-ac61-4fa4-af67-640b39e3a002,cdb99c43-9da9-4ce5-b93f-046764bc8e45
33af7e1a-743a-462e-b8d2-8a165ec9a24a,d36c5a7b-84ca-43e7-9b64-4ba864fe4515
a85da7be-6e0f-45b7-b54f-f46b484a3d81,2fdf8f16-daf9-41a3-b18f-de98a680e3ce
97e8a745-ff33-49b2-a9cd-cabdfcc0c021,7cf07772-6571-48be-b5be-097e5b5aa11a
3d358f36-b38d-4b1c-86e7-de14a5ba81cf,1f2a02d9-f029-419b-82d2-cc9ffc2de7a4
b6989e1a-1625-4038-9373-9e060cea7308,f3819597-34d5-442f-8d99-a5ae6313042e
e690d789-3dfd-4514-852b-8397a615044c,a2a3ad0f-4a83-4ebd-aa11-fa526b4e7ba1
74368fa7-54b6-4fc5-94af-2f4420c63f2f,33c72238-a235-4f4e-a2a9-887d33fab3dd
84edeb9f-cf83-46bb-af1f-1759f283a9b0,c2dd7724-5f9a-48be-b9d8-5f03d12823cb
fcc10e1a-a0ea-4993-a209-3e8454976bd9,50e0f5b5-4692-44ab-9981-93b69b4fdb45
e5444f0d-7b0a-4e92-9fad-aefa47b3d57b,95a9a296-9124-4eff-b01a-079b14acadff
16142017-67bd-4750-ad8c-32a46eaf0ac6,f569bb97-27ec-45d8-b83a-e066c768e62f
c60fee94-c937-486d-8724-5c6afebcc99d,abfe2933-dd1d-40cf-8f0e-8cce72029741
c516a7f9-3d12-42a2-bb74-254a4edb778a,87a4f807-178f-4197-b07b-702ab8f68a98
33f871bc-0c91-4322-8c27-ad3bd163806e,d60f4580-88bd-451e-b7b7-de127b2b4882
5166ac49-e529-4fcd-80e8-82b30ccf3144,5a906b58-1eef-4bb7-810f-3241a526f225
fb9c7f19-aeb4-4957-beab-4c4cf58065a1,664a412b-f428-40f1-8a93-070f8580ed50
33386119-a332-469c-8d7b-de4d869cbe6d,c3bc7513-fe62-4cec-8686-b1d9fc26f01e
94ef2004-0142-4c6d-b5f4-b1b1f3d4c84b,dc779b86-b302-45a0-b241-6af3d181955f
9f980280-c410-4bf5-8b78-168ccf338b6b,d6d95b86-8941-4041-8aad-ae412126b69f
6b9a9197-a7d4-4af7-b838-8e320cb8f7f7,17526a52-4f77-447e-b407-c6720ddd5352
b7f7fd93-8f7c-43b8-9aca-eaed2581b650,91c2a6f6-d541-495a-bee6-c9ac4894b751
0f87a4f9-42bf-404a-b850-b6e79b8f7601,eff0818f-6537-40e3-9fbb-7a568e28d0b1
548dc68e-bf14-480f-b7f8-45db983f2fc1,9452686d-692f-4722-89fc-7ac3765ebe86
6021f332-6b19-46ae-80f5-29b0cb77c816,5092fae3-9ca5-4a51-8c59-fb7dfbdebd21
a6b258f5-6716-48b8-92cb-180af2ca5284,81995555-ab30-4a41-b449-63a8992cc09a
fa88095d-3eb1-49ba-a38b-ac78fe252afa,2754980c-64b2-4b59-b05d-e96a4b346c1d
534d1f2e-df4a-461c-9c3c-920791ab7408,319dde6a-7c10-46c4-a491-ad4488a74ce8
16601ae7-5fea-475d-b0c3-e3f615b7ff3a,23ff788d-52b3-4005-8692-cac2b616307c
be417581-e8a9-42de-8201-be94dbb626c6,e9b1cf47-da91-44cf-abbc-af48d465dedf
32e7d37e-d87f-47d5-a857-128837d98da8,a86f72e7-e974-4907-8649-337d7adc06a8
9e86f6b3-eaca-46a9-9dfd-0c239874d38e,597d1a36-8938-43bc-87a7-8ba2c2414699
5e0b90ce-3893-40c3-838d-8901ea372945,2fc14981-1925-4339-a8d3-2a4f9248689b
b06ea364-ab03-4d58-a15a-2f8151326822,1b866963-a22d-47c6-962a-c79734d27f2b
a0154354-dcbe-4301-8713-717b00ac5b7e,69038e0a-3c5f-4a30-a769-ee12f22c1b41
56952962-ce30-4f96-a7f0-07ff641a0850,d151ffce-8fe0-455b-824c-c3207740f5ca
7b89f2ce-8f17-4e1c-a236-54a727e6f8fc,5fad682b-2576-4b0f-baac-2c187b547a09
233d6480-1365-442e-9bec-fd22fe4c63cf,cf1d5cb4-a3bf-410d-a123-5040bd82bcb9
1cfdf24e-81a4-4713-a1c9-37e51068caac,ebad9a56-acd0-4fc9-b76b-59be5b2d550d
16601ae7-5fea-475d-b0c3-e3f615b7ff3a,50e151ba-f4bc-4237-bb15-4341cc39e416
effe92aa-694c-4b2a-8f74-0ce425754c8f,034e2c46-cd56-40ae-b5e7-8db298ff01a6
edbf8263-9d7b-429e-b635-f2142d121b91,e30876c6-d4b7-4e20-9d7e-cc88e27c55a0
e564c8df-0e76-43a3-a6f5-c1b43d4630d9,134b0bfb-35d5-4cd3-b220-432cb930664f
9ed3f7f0-3b08-425b-881e-8aa90a8e7c22,dd8f7ffb-0ca9-45d8-ae4d-5e261cc3be36
054c0be1-7155-475f-b57a-ede6f805c43b,e04c438a-b35a-4182-8808-00000ddb637d
63d03f2a-51eb-4db9-a69d-393baa78e0c5,d7a44a37-bf9b-4cba-bd83-d5ab09295ccb
b9192f61-5d7a-401a-b97b-5b76098ee340,d073994d-11be-4247-aa49-c6f982e21ab5
20399ae7-da37-43a7-978a-83e328041a66,e39dec1b-ecb7-49a3-959f-8533915cc838
6dc177ea-4e70-4cae-a4be-07df6971f9b2,c9042492-9106-408e-9155-a0ade70765a9
bc36006a-b1aa-4676-a9e1-fd5e2d8879a8,85f0b2f7-f3f8-449e-9894-8d859561e281
ee3a17c2-1e0b-4856-b362-8e1d92d1bf1a,e3753af4-ba35-4c08-8e96-429257ca007b
6d19b543-03a2-4fc2-87d2-b57960f80c20,797f225d-e949-4dc1-99bf-a6375884dec1
627532d3-d3a7-4966-9ba9-c5769e50c6d2,c71aa594-8c91-4cc5-b246-2ec5b8b658de
37ae9306-9536-481c-ba4f-ff8d11f55636,368f755f-8c9c-4022-941d-8e05f4305e91
1c2b8d63-7c18-4dff-b7c7-12ff7ce89e79,532322d3-6fa3-49e4-9fce-5d4167108fad
16142017-67bd-4750-ad8c-32a46eaf0ac6,78606a92-8d90-4a6c-bf34-adea3c2588e1
444cc3a4-e2a9-4444-a175-6cb85af72156,e155cc93-042b-445d-ae18-4989430ca365
17698d52-bc5a-4a5e-b52a-e3afd0f0a19f,d6199ccf-24fe-4c42-9e04-4a32077e3d13
98caa4ad-ccc5-47cb-92a9-ccc08a24b618,5e07ab01-2748-4a58-ba25-0d6c08b7619c
14e660e5-cec4-4fff-a5fb-88ba5c463e40,c199f814-6091-406b-8a7d-d2c244563272
0a559b7c-aa53-4f6c-85ad-d2fd8a29237e,64be94ce-3c4c-43e4-adfb-79e9c5824d09
e0d9bd8a-e8e6-4350-8217-6d0d817235f9,3c7ca5aa-df5b-46b2-8513-4f1b975df74c
7f03026a-44e2-473c-853c-d6336c6f833f,a6f29c3b-ec0a-4fbc-b820-960ecc1079df
e1e96a44-da93-4143-9b33-2f51859bac0d,f0721dd7-de81-4999-878b-6317c5d51fe5
c084189b-7e88-49da-b702-b4ec2ccee31e,2c355116-e958-4d73-b271-6b8575614b79
59e7df20-4071-4d2b-b811-d65befab773e,6f273243-8e91-40ee-92ef-cb3637e38222
d387c718-e859-44f7-b048-f3c239e48346,862d16b3-3f55-4d91-8c4b-33579f1e4ef1
36fd9058-b54e-48ed-a346-07ca37393b40,ade53895-70ab-42b8-9667-f0319e2a595c
d1fed18f-efd8-4431-b47a-8ce0101a159f,b2cd4443-67a6-450d-9db9-5e6d583346fa
60737372-18c3-4a0e-bc83-5bf47b039f5e,d6bd9ab0-8914-40fd-9a8b-3499c1ee9e87
2526f62e-6874-4ccf-9df0-d85f0d6c1037,9969b0a0-54d8-4a12-aab4-50b921eb5f5c
f36dd404-c152-4b08-8357-23d95b0e40af,f8317338-dace-4918-bb8b-d1df3dc1f426
2c9e828c-3e29-441e-8c6b-89b0e72cec33,c981bd26-3480-4f47-a330-1fdce0920d18
e6d30e61-cbbd-4000-8498-52d42afc4662,617e9a7e-d0ca-442d-89c3-c7abce6f26b2
44edfcb7-e909-431a-bf04-258ce5a463ec,4d2d2fa7-7e96-484e-aa01-f471501b8259
053cd8eb-fb8f-4f29-b44e-d6e1e6cfda49,a4fd46da-3508-44a1-9cc9-05b661c97227
cad00926-72c0-4380-85c1-907cb92be4c0,820ada8b-0006-4bf4-9558-5f90fcf2d695
ab11a2a3-183d-45f6-aa1a-3c87b71e459f,69038e0a-3c5f-4a30-a769-ee12f22c1b41
68c3ab6c-c14f-48eb-bc89-e7b6a66de5a2,45d83554-701e-4890-8554-16abed313174
d9a31704-00a9-4df6-9b08-5158ccd36fb2,e2ff5bf1-4f4a-43bc-ba09-6ca8e0835ae6
7da8a3bb-fddd-45fc-b70c-c67f658433c1,afa8d4e4-8eaf-4495-939c-2169a831c8db
37ae9306-9536-481c-ba4f-ff8d11f55636,c43e57ab-b258-40a3-94ea-0a116a062a4b
a9643935-c01d-4600-b804-8c865235bf88,5c2ab900-79e3-4b3c-8ffd-1d92cd85884d
fa58c07e-c90c-42c5-a401-e4f4641ba3b7,4e859bf4-1d94-4675-8ab3-a69bb9ed0535
7257272e-73f1-4e5f-9cab-772210c0c23a,0198789a-6f68-497e-b424-d498ead2887b
cd468a56-470d-4b72-a6e7-df5417817c66,cbda7130-316e-4f3c-afec-d919cd89d9d8
a7fe4515-d1b5-4aee-981e-c36262fecc7d,da0b34ef-c930-41bc-b094-9ba6bd7595fc
38c364b6-7edf-4780-8a0b-e1747e7b70ac,193ed465-e694-4129-a98b-66ca9669dd0f
df730c49-daa4-41fa-8470-0efa605f7c67,02ec5228-e37e-43a9-9eda-e47c840b0148
baaabde1-4574-4df6-952f-98b76a1020df,4e2130f9-054d-4d2e-a348-6d07bd247e00
ca292ff9-e0bb-43c0-8e38-334cd2806ff0,a57621e4-9dc8-41ed-9632-07fce37a7eba
070ab477-4cfc-4f56-b6a0-098d9b3530d6,957bcd2b-aeed-437d-8ff4-e2690383b8d7
fcc10e1a-a0ea-4993-a209-3e8454976bd9,19864a0b-be6b-469a-a2b7-a7f67447a017
700183d1-7c9a-49d5-86d4-b0feae61ee28,e56d8963-bc5c-46f0-9c3a-321395d14033
b768111d-3358-49d5-84e0-4bed486f79eb,a1f509a0-5963-4d6f-8a4d-586d52c77489
cb79645d-7083-46da-927b-62e97f1e7c75,abfe2933-dd1d-40cf-8f0e-8cce72029741
4a29bac2-f260-49b2-add4-f2ff2ba88cb6,2f0ca8d5-2926-400c-8d4a-21f87ec03d6f
f8cec377-2370-40ed-9158-991422f492ca,fc7c7e1c-3e4f-4354-aeff-7a8a28150392
ec815b73-df9f-4e5a-a55f-0f13d153ee0c,4800d5a9-fd36-459d-8e09-1b2d8f4fef6d
6ac67cab-a63e-468a-97a1-680fd256d785,0446844f-0658-40e1-8819-9ba759e2849b
509170b0-6941-464f-8da7-10b5c08b2262,c74e1cbe-58f5-468e-b753-e2b171f7e099
eb52281a-656c-4a83-a155-c5a1a721d070,dc3f46ad-ef92-462c-9291-efc83d1961ef
a0feaa80-ea49-440b-aced-f14d90345b43,705486c9-9820-4262-9836-40e61e37f649
614097da-69f7-4fd9-9213-752c105f7559,7feef600-f3c0-40f1-8ddd-a7cd0dc782d6
d1fed18f-efd8-4431-b47a-8ce0101a159f,2fdf8f16-daf9-41a3-b18f-de98a680e3ce
51418172-1f32-4f23-8811-c2ea1eaa6187,5c3cbc8d-dc34-4d03-878c-2042386e96ac
caadbe9f-6d32-40b9-adc7-2ffe2d1c326e,0b885b8f-614c-4fc0-b987-fc8f27bacf30
3db1ec9c-caa8-4610-8332-d38fce0fa498,d6bd9ab0-8914-40fd-9a8b-3499c1ee9e87
34b9591b-32d6-4abb-b6cd-6d9bba3fa33f,95a5bfa4-33a7-41f3-8fca-b208da3b8282
85545fc3-ebf3-49fc-bf7e-9e32759ac795,4215aa4d-8346-4156-9232-9709d639821d
3a3e7b85-44e3-42bd-a491-aaad55ced02d,d38777e9-011c-498a-961a-b6b4d2218c48
a0154354-dcbe-4301-8713-717b00ac5b7e,01df6ada-e395-4ad2-b3f2-af7364b377d3
dfee9bfd-3118-4921-96e6-d8b179ed7060,3249c4d7-541b-4a82-8453-47e63db5b70a
638200d5-870d-4b87-8e17-ad71765e53b4,7ec67981-bf59-4ad0-8e80-7f22f7bbf834
64f45be8-04f8-4aa0-be55-fd742c0ef97e,ce21fdab-374d-41fa-a3b9-59d8c68c5b2a
af8c06cf-5894-455f-8b12-44481cf77a9d,2ef6590e-c479-44e0-a01d-b2a6a49c58b6
333d8c07-a4e0-486b-a6c0-6267cdf648a7,04965e10-bc4b-41a8-b1e3-2cbbd9923dd8
33af7e1a-743a-462e-b8d2-8a165ec9a24a,cb5ca9fe-0fe1-41ee-b26d-af3e5825ea23
911773a7-fa0b-41bd-8a0e-83b1e77189c8,0b885b8f-614c-4fc0-b987-fc8f27bacf30
f1a7c64d-4756-4366-ad56-c8d7d6fbe342,d8f05cbd-4e64-4015-b8d0-7bc09f1952ed
a735e91b-1b2d-4cd1-b289-4ee91c3c6e9f,bd92671b-c0c7-49f1-88ff-10711654a167
222a7355-f3d7-4dca-936b-b77d4bc2f8d3,d073994d-11be-4247-aa49-c6f982e21ab5
c0fadb06-9fdf-4037-94d1-5694ce9d68be,fb51590f-a092-4829-85f6-b73109c152a7
96e191d2-9238-41d5-a4b9-c0ccd3510008,9710b5cd-b6b3-4bba-a8c2-1bc17cabc52d
eb6f8694-bcf0-45b8-bd77-4527430a4163,d1785079-25ad-40e1-9f56-8576e74c75b6
119e6d61-5a3a-4e10-92f2-2795ad76dbe1,60e43d3d-d747-4841-80ef-7de3c6ddaeda
bd376664-24d7-48c5-8a35-27437f88225c,87381659-ba95-45b2-ab1f-0ac4f565178e
50b44e1c-6cb2-494f-9c7f-c4797f7234dd,5969c5ac-f830-4ef9-bc28-1b097d100290
e2e4b709-9ec2-418a-96d4-04c7950415fb,71fd23cb-be4e-4c55-86dc-67192534eaa2
1d1c8104-9980-4f01-92e7-76fb372bfa21,da0b34ef-c930-41bc-b094-9ba6bd7595fc
ba763529-d9bb-4f4f-98d1-38a2254ad80c,97042ee1-c47f-4a8e-842e-1abe603c16ad
34b9591b-32d6-4abb-b6cd-6d9bba3fa33f,ec8c8fb2-c1d5-40f9-a163-507771d957df
d805a746-a508-41d0-8f8a-5a9dbcc45571,57d7fd59-f653-45fb-87bf-e6785f045c25
2f94409b-a1d5-4988-a317-bef61dfdd8a9,56375b4b-5d42-4e26-ada9-04b8354c2bd6
34033b27-ce0c-4c24-9690-6ded489bb3c2,dd8f7ffb-0ca9-45d8-ae4d-5e261cc3be36
c68ce208-07f4-4ea1-80b2-30640d2ac016,22a1c8a5-995e-4f61-a9d0-0b054614a8db
9ea4dee8-e2e2-42c0-994f-079b68a74c5e,377072a6-f764-4b98-b362-072679ff93ec
51ff96e0-a21a-4f94-b51e-0cceca6e9a43,7df58f6c-fe06-4cef-85e9-70dc21d97878
6903faa8-2398-4815-a00d-b6deb0b5cca7,f0d56d7c-7f1d-49a3-afbf-7c684d5f7271
ac1ec1e4-80ae-4f12-8657-23ae2a184537,da0b34ef-c930-41bc-b094-9ba6bd7595fc
509170b0-6941-464f-8da7-10b5c08b2262,abb7f884-8b23-4ec4-a964-a88a10bf7472
ad2b5374-fc21-48ec-a429-6c45d947c6d0,b871e716-fff3-44b2-bb8d-8aa97595a022
fe142fd2-9a16-4968-9d74-f7a454faffb7,f0721dd7-de81-4999-878b-6317c5d51fe5
5137321a-2cb4-4af9-9cdb-1b4dca061618,f7dff8fb-a0d5-49ec-85d0-71c432b7f5f7
2ff9ff54-cc75-4508-a90f-e45c2304f37e,9b3dc9ba-f94a-43b4-923f-1e58334b636d
0943a8c1-c06d-4fc2-b7ad-aa78e194ad5c,f83c1cd0-0953-4403-9a97-82a8cda57b86
946a45df-a684-4dd0-be29-906782e93661,acc89e3a-f03b-45cd-beba-86e4894019c2
2526f62e-6874-4ccf-9df0-d85f0d6c1037,aa51502c-4bd6-4d39-a0d1-5b25c985b07b
e72e11ad-3772-4383-9e5f-f7452cc89956,d3b5076a-6677-488a-b201-492328a147cd
ecebe414-ed49-41bc-89ce-b49b48f23020,b4d61e13-cd51-48c7-ba0c-df5cbd7f4e28
6c97031c-bde5-4fb1-9fb3-08c26052b7a3,9cc50fac-ec86-4dcb-b023-0845925d6d51
c2e6f399-9372-46de-97a2-5df5f81e11f2,d81429c3-8f22-4a6c-aaed-170f6892d459
d2290462-5a84-49df-8b5f-bd99c1f88e6b,862d16b3-3f55-4d91-8c4b-33579f1e4ef1
af8c06cf-5894-455f-8b12-44481cf77a9d,9e685b36-11f0-45e2-a8ec-45c8695e590f
946a45df-a684-4dd0-be29-906782e93661,99684641-7f65-48fc-b2c0-b0cfb4598af9
fb9c7f19-aeb4-4957-beab-4c4cf58065a1,b6f10ed1-ab19-484a-9cb1-fbce393c604c
b6cf259d-2c77-478a-80b5-76fb0946617f,3aa14e21-e140-4de0-9761-93732140bb9a
40cdac4b-5dea-416b-bcaa-98fcc429d7e4,782458eb-0eaf-44f6-87ad-5f9cd5385005
ff6a210f-fa7d-4893-b16d-04d50b24914e,9cc50fac-ec86-4dcb-b023-0845925d6d51
af87acbc-ac70-4ad2-988d-1073fe91487a,9662242a-b7d1-4f76-ba81-2cc8b8f7a672
f0e98f82-08db-4c45-a372-bb8fb7218337,3aa14e21-e140-4de0-9761-93732140bb9a
b36b4ea1-6e6c-40f3-89a1-9520b645a1c5,24f2cf88-d474-451b-942e-f7c270c2d212
613141db-ef86-43ba-922f-569db41f8be6,31d25fe2-8ae7-4669-94b6-f055d13600da
b43fd261-92bb-441a-8de5-e5f301fd5f35,9e685b36-11f0-45e2-a8ec-45c8695e590f
64f45be8-04f8-4aa0-be55-fd742c0ef97e,7cc0740b-c082-4815-8944-adf827fd3a2a
9ed3f7f0-3b08-425b-881e-8aa90a8e7c22,5c2ab900-79e3-4b3c-8ffd-1d92cd85884d
85545fc3-ebf3-49fc-bf7e-9e32759ac795,0206a3f3-f218-43c7-9d7a-79c37b58490f
a2d39fd7-d5fe-42be-a235-a68a51367789,612d76fc-dff4-4f85-93d5-23b3d2b2976e
e78d047a-8625-4bcb-93e3-930191a28267,07b04d2f-a5f2-4237-90a4-b7dc42b276b3
132336f8-8ef4-4f24-b19d-0fc6c87c7cb5,a4691806-6e18-45ff-adbf-331c150d04fd
cbf8ec2a-0cef-4500-b2b5-1282c8079e66,3f9108f5-381f-43c3-b832-a96d8c5651b4
5b3adcbf-5a8e-4a23-a181-6746b3327f7f,333d8516-58d2-415f-869e-6b9c75845382
5839ed10-d1ef-43ec-9fbd-75768268fefe,f11a7343-b81b-4dfa-9a8a-83d58101a659
fa7d801b-c7ce-4e8d-87d1-70e7ff1e0ac7,57d7fd59-f653-45fb-87bf-e6785f045c25
c50e2048-c26b-4380-9e7b-6a61ddfa4fd2,95a7a548-3ff9-47d5-a332-d3cd5a416e9d
17698d52-bc5a-4a5e-b52a-e3afd0f0a19f,81995555-ab30-4a41-b449-63a8992cc09a
bbc3a9f9-0382-46d8-92f1-71c99d394853,6dd38026-d3de-4ebc-8747-fe0e1fddd0f7
5f9ecfe1-c30f-4ce7-a2f7-a1207b04a4a8,7cfd9340-ad1c-4fca-a189-5e7d39a0ef7d
e78d047a-8625-4bcb-93e3-930191a28267,b11527c5-7c7f-4c8a-b6b6-2efb584bb043
ee729dc0-f920-449d-addc-f1dd652ec668,11f1fae9-120d-4941-857e-55cfc4461c59
fdbaebd5-1e72-49d0-bb08-9676fd52b380,0f164922-84f9-4b8f-85dc-351821c8cff4
34e398b2-3335-4610-963b-7926d332cff6,819bbc98-cafc-41d6-8f88-f8b115f295a7
f313bab4-462c-442b-bc90-0a485488e15c,95a9a296-9124-4eff-b01a-079b14acadff
7899e2a0-66ab-4986-966b-f5d662a6b06c,d4df9d66-0f57-4d12-b145-fb20e20d4a6e
3db1ec9c-caa8-4610-8332-d38fce0fa498,89774521-7378-43d9-8f7e-c7507935bb51
51418172-1f32-4f23-8811-c2ea1eaa6187,4abd6080-d638-4272-bee4-e6ab3b6b8559
167027e5-9b4c-4735-8d5c-91d70a413e26,a96e2d7e-eb32-4407-b8ea-582d35ed060f
78d1b681-0634-42ec-98f0-e2139d388402,ee9f44bf-dca4-4df6-98e5-9cbde1ef4355
eaa9b341-5897-4e27-8ea1-a0feac6ae1d9,fa0d38d4-2caf-42a3-9623-cc79cd123ab4
615d3f02-55d4-4125-a8c7-f0dbef1595be,1314fa13-32fc-49af-963a-abd1fceea7a9
6dbe3d4c-0a1d-4e5b-9382-dceec7ff5c58,f0d56d7c-7f1d-49a3-afbf-7c684d5f7271
b1fd3174-17ad-431a-829b-fdbf6938250a,04965e10-bc4b-41a8-b1e3-2cbbd9923dd8
d136ed07-0e0a-4fe8-9660-e5eeaa13cc52,b66ca46f-1820-4d0b-bd63-9acab8aabd8d
891a16c2-735a-4d2e-b454-565b69b55164,44a630a2-62f8-435f-9d94-655ae0e19132
0fb8b003-4614-4e99-a234-9929b5ffdfdd,9a1a8708-ac81-4f57-a11a-dd48c2e92b62
08f441bf-c2db-4aab-bcb4-b9d76bda749a,96b4be7c-65fc-44c2-9c01-6837f269fa6a
229eefd6-8e2d-40f9-a38b-e6f3cef33e24,2b464f8f-c7fd-473f-b4a6-e5f33f942ec9
8267080e-7bd4-4a6c-ab18-3b970f8573b3,20b199e8-bffc-48eb-a778-aa1c300e5882
10bf4fb9-6b2f-489d-b5a1-6b2a2c9137ac,babfb79a-54b2-48a7-bdcf-fedfb8439aec
3e951567-afe2-4cc8-8305-567f4fe9e6c2,dc95ce86-3ddb-4e78-b3cf-e6c6c1246a13
0d5906bd-c36c-452f-92f3-0fa44ff87090,ff0cf63b-0cb0-4e40-8674-25156dc44df2
6dc177ea-4e70-4cae-a4be-07df6971f9b2,3c7fd54b-853d-4acf-b8df-f5eeebc3794c
ec815b73-df9f-4e5a-a55f-0f13d153ee0c,8854176a-4e3b-4b0e-9855-e4a0e8fe27ba
8537dc34-dc26-4904-87a3-a0d0c80a187f,0e9a5162-cb80-40f6-ba59-e5235f4d7a11
0153e8c0-cd62-4a66-a242-d07838ad1703,71fd23cb-be4e-4c55-86dc-67192534eaa2
bb5317e5-cb53-4dc2-8f3f-11e4cc27466f,f835f27a-b1e2-4e5f-b116-1879da30e0ee
40cdac4b-5dea-416b-bcaa-98fcc429d7e4,9b3dc9ba-f94a-43b4-923f-1e58334b636d
2fbeca59-09d8-4c0a-bdbb-ccb69dd8f79b,69a8226c-bbd3-45bb-9717-f3fb535388c3
2a94e344-5ed1-4705-88ad-1032edb1af08,6fed2a2a-b43a-49c5-aa0e-4cd012dc4148
ef73e065-bda1-4dd6-9d7d-b055305a71a3,3263b682-9a72-4fe1-a3c1-07349ba32240
84d2b0f3-48e5-4c3d-9f26-c9f7914fc0fc,2a8c59fe-7b20-423d-ad8b-73d36d515762
58016887-11ab-4f3c-ab84-db8b631e179a,95a9a296-9124-4eff-b01a-079b14acadff
508dec46-06d0-4a6b-be42-2faec8a81340,3f9108f5-381f-43c3-b832-a96d8c5651b4
633a9367-1792-40b4-aaf8-0f2b3572392f,0198789a-6f68-497e-b424-d498ead2887b
1bd70f49-a1c9-43d8-848c-1feef9f8e424,cdacbd71-85f4-487a-bb09-e1cfc3745561
bec5dec7-9e99-4ead-808b-ff523a4fd422,ad9e0f1e-07ed-4a7f-a850-ad087688cef3
e0d9bd8a-e8e6-4350-8217-6d0d817235f9,22e2e4c7-d1ff-427e-9197-14165ac7b055
fdbaebd5-1e72-49d0-bb08-9676fd52b380,c75f8f41-2dab-4a14-a393-a83ca20d251f
aca96b1b-7028-4830-a1e9-4b99af751441,f5e0328e-9e48-43e1-ac8f-dfc6e00f17ae
1e92920a-9773-44b9-8b47-d9fc6c99b32e,53273926-c726-4d49-bef0-c44ed717a408
dc03f2f3-fc21-472c-a13a-7af55c080f85,066e2e89-bb0e-4bb0-a0cf-1717eecb62ac
ea154789-0870-4e30-8b36-4368f3724e38,cf7c50f0-4319-450a-bc69-10716cc957e1
f80e1ce2-2b8c-4998-ab6e-015b826fa455,39488186-d8f8-4f1c-888f-81d440e83b35
700183d1-7c9a-49d5-86d4-b0feae61ee28,9ee557d1-49cc-4174-8b45-5861b0b29b41
97e8a745-ff33-49b2-a9cd-cabdfcc0c021,5d77ad6b-e3e2-4e76-b572-bdd2f668c364
88fc4ad9-4c68-4a2f-a778-a1679302dd01,476b9b84-5663-487b-8126-1fd2b0b89495
c6193c57-81d9-4f32-9f91-2e2abd98fdf4,194fde1b-70de-4fe0-928f-53a257ea0a90
71613546-fe67-4f34-b001-871ecfb51fec,7bbd61ee-2968-4d74-9122-669d0826d797
b71da44b-26e3-4e78-8ca4-853ad682148d,f8317338-dace-4918-bb8b-d1df3dc1f426
a2d39fd7-d5fe-42be-a235-a68a51367789,8712017d-94a7-4823-b4fe-fbf54665f147
a3adce71-6152-4229-b048-463fabf2b6d0,c37e1573-5d44-407b-933d-c2a2c02e472c
075bef4a-df6e-41ca-aa8f-370310b0ed75,de706c41-f4ad-4c35-9657-f45ab35e1354
cabb6d44-5e21-4de5-97b6-e6ba6f6e29db,1ae7d9bb-19b9-4382-90fd-0467cb455ba4
e00a3f76-c462-4c5f-b1d1-8a16c6236c90,819bbc98-cafc-41d6-8f88-f8b115f295a7
650eca41-6cc6-4755-8b3b-7a9bfc4508be,42f3fc57-35c5-4f87-a9c8-e227e15c5cf0
2c07d119-a70a-41d0-a628-90600ea2fbd3,0a27e3b8-9642-48cc-a554-db396c793c8b
6d074c4b-9e06-4519-8c1c-edc5e3199922,5b4ff536-0e96-44bd-a831-6ab7b868788c
0c9557ad-6a19-4178-8e96-efc3e2f4bea9,644aa9eb-3025-4cdd-8633-7c224e614fb7
6a04a856-84c6-490a-b991-4761833b9f0f,9b450ca6-1fb8-4a21-a660-3b1fbc984ccc
5de69583-0a5e-4970-a737-a3baf53dd87f,87c9f8a1-0f3c-4762-924a-26963386500c
ee028bc9-c7be-4a13-b97e-884b8d05f2fe,2ef6590e-c479-44e0-a01d-b2a6a49c58b6
5839ed10-d1ef-43ec-9fbd-75768268fefe,697da55c-7280-4830-8fc9-14b8a7b81133
5ede17df-66af-4a35-ad3e-6a40cee25d1d,e8a122ad-28f9-4046-8689-ff860bf2d98d
bd376664-24d7-48c5-8a35-27437f88225c,a4691806-6e18-45ff-adbf-331c150d04fd
b6cf259d-2c77-478a-80b5-76fb0946617f,25f4f366-4f88-462f-978b-bbd0fd48e6aa
bae6b9e3-752a-4d59-bd4c-2d1063f04629,d3b5076a-6677-488a-b201-492328a147cd
c0e87f68-0d5e-4d74-8c61-891f1cc9bef3,6365eb18-4a8f-48e6-962b-8732bfec1353
6a04a856-84c6-490a-b991-4761833b9f0f,1bcb250d-b663-4f62-b8fc-b0d8804580af
f4d61949-5dbf-42ff-b8a3-70b811052469,c199f814-6091-406b-8a7d-d2c244563272
c957795a-31e4-4ad3-90c6-f99a91ed0273,58c96237-667a-405f-85f2-14fe8e3a08e6
ac07621d-0448-4e54-8b26-4547a124bac8,8682b296-4b07-4d69-b93f-e7cf9f0f18f3
1a1287c2-6136-4b99-94b1-435e3def6eb0,e7a77c98-a828-4e3a-b4cf-66dafad17d44
f6207a9f-d91a-4163-9b0a-324f1900d532,ad46f508-2098-4eb7-8a5e-eb42ee7f41ce
c9f988ce-6803-4537-8fed-254369bc1b44,7e17df15-8065-401c-9019-a9da12c0a099
9183bcfc-a69e-402f-a830-142af4c27231,5969c5ac-f830-4ef9-bc28-1b097d100290
5d517be1-b896-414d-9e92-bb82206c0819,c3bc7513-fe62-4cec-8686-b1d9fc26f01e
db394e5d-c2a8-43f7-8d70-f9c31478a594,a53436fd-f3c2-4c9f-8f2d-6f2c1881bed9
a120d47d-2d7e-4008-9b42-2830da748068,8cf4dcd8-1bf1-45f8-befe-e493f2c65442
af69ebc5-634b-45e2-9f6e-33e71050a935,e9cd5884-2e92-4241-9ebe-dcf425fdc496
33f871bc-0c91-4322-8c27-ad3bd163806e,0b885b8f-614c-4fc0-b987-fc8f27bacf30
59bd2882-809b-4365-a706-59b914269877,b29bc56d-2b40-4ac8-b47d-8504d727955a
e23ed7c7-8749-4970-bf55-d08c7f5fcd8e,facf14b7-2ef9-4116-a61d-7dbd1287e1ac
83c807e4-b5f2-4e55-b2b6-5856065007bc,3b8a9457-cdbd-41c6-a1e6-f52116c5a87f
c0ae3465-5b52-4c06-8809-467fd4100ace,377072a6-f764-4b98-b362-072679ff93ec
4bd90989-f51b-4629-af34-d68ba7d2fc92,20cd1d1b-cc5b-48dd-a8f5-9be9f67da553
700183d1-7c9a-49d5-86d4-b0feae61ee28,ce08de4e-288c-4355-8edb-b95ed4b3b8d9
00d38230-0cab-448d-8c36-cdd5b596867d,1c21196a-ab46-460f-aec8-5bf5020db6af
b58d62de-2a8c-4de2-8b9f-4a017a02010a,5fbd5a09-661c-47f9-b291-45c591d4bc3a
b9192f61-5d7a-401a-b97b-5b76098ee340,270b626a-145a-47d8-a03f-59619b2b8c40
4d194a3b-0751-4003-b9fa-7cdc0c19f2d0,5b4ff536-0e96-44bd-a831-6ab7b868788c
8e4d01e6-c658-46a2-a26a-db2df3bd33bf,c9b5ad41-17fd-400e-9963-8a5c338ce6a6
4f45d2da-13d2-40bb-bd05-e08a4aef9f39,46e9585d-c3bf-4ffc-a0e5-9ba24819f288
38a69688-bdbb-46de-851e-21f24b3951a4,e2ad3077-f443-4201-b759-b76f4427f835
55c9ba4b-9d33-48ca-a7bb-e1c2e7f46929,ab70a123-6b4f-4921-8a22-88afcf2599ce
09ff5d27-4801-41ac-95ac-6e4fe3aef1cf,676b1e79-71b8-4b8d-ac12-e44ea55e3c6b
c1665b99-7314-479a-8554-900317101c6e,b1497b19-1125-453e-979a-3faad93b3a61
6e125f5c-925b-4502-b96b-47ffe8b62664,ec2ded83-1751-4b02-9089-df076ed474e1
7add20f7-51ad-4ce4-8900-2500498e282f,5804f051-c310-4cbd-a48a-f91f8e7a7340
6b6ae6e2-869b-4267-8155-70867544b112,61588931-a9b0-4021-98e9-1bf23e92be99
16a25157-19e3-4870-b97b-2757760f759f,fdeaeee5-6151-42a4-9bee-0b82e8f923de
44405a2e-29a0-467b-8c5a-88e65389cd39,4379e880-13a5-4f17-b62d-94b0de84b779
7899e2a0-66ab-4986-966b-f5d662a6b06c,9452686d-692f-4722-89fc-7ac3765ebe86
b0e1b9d0-69dc-41d1-9794-419fb334fa43,1beb756f-551b-4eed-bc55-bcdcca7c2fb7
11f7bb3f-8291-45d7-829b-647a46630ca4,ef22ed0f-c3ca-4289-aa72-2999c6fdc9fd
6ece9f6a-e24a-4b78-b476-eb452d0b49fb,24f2cf88-d474-451b-942e-f7c270c2d212
c843cd75-5d7c-4511-aede-88427556574f,86d7b797-75fe-4f18-a61c-e2a252e359a6
08f441bf-c2db-4aab-bcb4-b9d76bda749a,8958ea2d-2197-406f-ac3d-f104cbca4987
bbc3a9f9-0382-46d8-92f1-71c99d394853,eff0818f-6537-40e3-9fbb-7a568e28d0b1
a2d39fd7-d5fe-42be-a235-a68a51367789,79604f90-b664-41a2-8e58-ef4184f6c332
d33767b8-ca49-4c90-a984-af9084e87a8f,afb33b36-bfee-42d3-8e4b-4c126b56dfcf
a84212fb-489f-4d01-a3ba-1d2596b4b71c,4eba9aea-db04-4a49-9dad-7e13853a1d21
02c3e155-c9d1-473e-8db2-b23a840a739a,0b4975c6-ffdf-439e-8a83-aba86ad57941
9fc50831-1ca7-414b-b70e-28b23f27ec0d,732876ae-f6f9-4748-b563-ac0010cd58ea
0c8d47c3-20b6-4f07-bccb-491e40184fa8,14692832-d4a7-4c20-9cea-dfc5537d2dd8
60da47d2-45c3-4979-9265-8e601c904092,dcecc182-61cb-430b-ad57-b949f6a4220f
e1f98fb0-d6ca-4aad-aa7f-c0238a06f10b,4423fc6a-a944-4c14-ac7a-ca4893018558
3d3a8a45-7039-476e-8c7b-f287a41e99f5,87c9f8a1-0f3c-4762-924a-26963386500c
ea154789-0870-4e30-8b36-4368f3724e38,da0b34ef-c930-41bc-b094-9ba6bd7595fc
54a761b5-5e9c-45aa-a7a0-33cb097eebb4,3f9108f5-381f-43c3-b832-a96d8c5651b4
b1fd3174-17ad-431a-829b-fdbf6938250a,d7a44a37-bf9b-4cba-bd83-d5ab09295ccb
401fcf26-fc05-4be1-bc80-cf0c3e5f9af4,71fd23cb-be4e-4c55-86dc-67192534eaa2
803f1ead-a521-4b31-822f-1f798358ef6c,2fc14981-1925-4339-a8d3-2a4f9248689b
f8045661-6c9b-4acf-8d8c-b32a3bb02eb1,a5eef205-cdc2-498c-92e6-6701add6f1eb
a5c3d623-9b9e-4807-9294-3a144fa71d12,3b8a9457-cdbd-41c6-a1e6-f52116c5a87f
8775ab2c-d057-4d42-855d-dd9920e4e491,3646c6a2-bb71-4259-b029-89ab8ada21c0
40cdac4b-5dea-416b-bcaa-98fcc429d7e4,0457f3f1-2c01-4880-8660-d0ac62389e86
c0e87f68-0d5e-4d74-8c61-891f1cc9bef3,0063fdb3-d495-4d2e-864d-fa565d406e84
236fbe54-7d4f-47e4-bb99-ce40fa0cbd22,81145516-4a2c-4549-8636-4dc4ec0aa11c
6e125f5c-925b-4502-b96b-47ffe8b62664,09df49d8-0bf5-4dea-adf1-aa3f452781b8
236fbe54-7d4f-47e4-bb99-ce40fa0cbd22,3de3637c-bbd0-4e26-9fa5-e8257ada3d9e
28f50e96-2027-46ef-b585-63c03dd46bbb,1c38f491-2701-4f9d-b5ed-76457a5e74d3
4128b41a-a559-4c15-9929-78610cdc25b2,03326d32-9069-4cb8-8a2d-ae988812d608
3db1ec9c-caa8-4610-8332-d38fce0fa498,23ff788d-52b3-4005-8692-cac2b616307c
44a71516-0573-4eac-8650-f6a3a7e8c1eb,e2ad3077-f443-4201-b759-b76f4427f835
a1d6bed7-f8d1-4815-a164-881398da5e56,78cc5254-5d9b-4227-a1fa-ee3fb32179ff
352fc901-9b44-4edf-8e79-cf11d3a46d03,d75807eb-aefe-4e24-86cf-e3927f61d1ab
638200d5-870d-4b87-8e17-ad71765e53b4,67c91087-87cb-4ec4-8000-6963f8a3040e
ca6ebe12-f15f-44bf-b957-eeb768716789,617e9a7e-d0ca-442d-89c3-c7abce6f26b2
bd4061ec-a04f-4043-bb49-07d827276c4a,0e9a5162-cb80-40f6-ba59-e5235f4d7a11
9f980280-c410-4bf5-8b78-168ccf338b6b,38b3f0cc-2b4b-4ccd-bf5a-2fa5c99de62d
32e7d37e-d87f-47d5-a857-128837d98da8,7188f421-554a-40fe-9094-894226b375ca
e3e75592-2cea-4cf6-8cac-6391ca04209e,58ee0c95-d69b-469b-8ca0-5e84ed4c363d
f47c87fc-e650-4513-8ca0-497a28a53f74,c9fee790-3805-404c-aebe-4836d76f7e24
cf24ab64-527d-4d6a-98c2-69e4882fc2cd,0492a692-6960-4804-a8da-6f1dc0200dd0
dae1df42-7854-4557-9fbd-c3bb9484a4c3,e3e9184d-233d-4246-88c5-c3b384988395
3585a501-c936-41d3-823c-370a20f24c2f,3feffc3f-acac-4967-be8d-308854e2dbac
cb2c53d2-d224-48d7-9fd3-13a27920c8dd,b34b4376-bbf4-4272-9f40-e5c818cc6f58
633a9367-1792-40b4-aaf8-0f2b3572392f,644aa9eb-3025-4cdd-8633-7c224e614fb7
b6cf259d-2c77-478a-80b5-76fb0946617f,7e472bbe-e866-4283-8afb-f1f6e62ff4e6
9efcd259-bac7-41d4-a0d2-7e58b4ca9f14,d1785079-25ad-40e1-9f56-8576e74c75b6
0a0bf314-f9b5-49ef-a0b1-27505385096b,86627980-296e-4e7b-bc5e-5b28b2d90208
b441992c-267c-4c73-894f-32194206e7ef,eda554e8-6e7a-4cf2-a65f-70c2f2816340
b58d62de-2a8c-4de2-8b9f-4a017a02010a,2e2f3b22-87f7-4915-ab3c-e6a482ea14a1
83bb1d06-c2fb-4a2f-a8fe-49674556a25b,82838176-3ace-481f-94f6-2fdebb1f0a14
71233813-84bc-493e-abe5-2bb2bc1b440f,6284b8ee-b928-4195-881c-e451997ce88d
9bef23da-8d32-46ec-8c8e-54bb1a6e13b9,4215aa4d-8346-4156-9232-9709d639821d
429342fc-b306-4372-a4f2-0cd7c1c99ad5,7e85f56c-00ed-44a8-9bde-a030a07ef71b
83c807e4-b5f2-4e55-b2b6-5856065007bc,665f8590-c8cd-476a-a619-927eff1207c7
ce6772e1-3333-41d1-99d1-5b03751269e1,1d80bb44-d460-4f33-bb81-1d4e0a02b99c
9fc50831-1ca7-414b-b70e-28b23f27ec0d,e57b33bf-1259-4881-a713-e853ee528306
c1665b99-7314-479a-8554-900317101c6e,435717f0-ea90-4e2e-905e-1f846f58d54e
c4025dd0-9e5a-4b7d-b8f5-f13c5f89fe56,42c87159-82ee-4530-9e59-9ee70e47ae94
10cb4e99-e531-4e60-a8b7-fcf4812ca0af,7d37e210-cbec-45d2-af49-8871911f81dd
429342fc-b306-4372-a4f2-0cd7c1c99ad5,78606a92-8d90-4a6c-bf34-adea3c2588e1
f34ee445-bf34-44aa-b513-da0caef23605,dcecc182-61cb-430b-ad57-b949f6a4220f
fa88095d-3eb1-49ba-a38b-ac78fe252afa,45effbd0-14c2-47c6-8e5c-4378dd9a3577
1e92920a-9773-44b9-8b47-d9fc6c99b32e,73eefe77-c917-403e-959f-681b25b11dbc
946a45df-a684-4dd0-be29-906782e93661,dbf00ebd-c02d-476c-b390-01d84c02ff1e
8573fc77-0027-4860-9629-0703b289770f,5a9898c8-feb6-44c5-8e78-d21acb96f33a
62e83c3a-05ba-4d8f-9807-f51b22f84123,9969b0a0-54d8-4a12-aab4-50b921eb5f5c
c60fee94-c937-486d-8724-5c6afebcc99d,f5e0328e-9e48-43e1-ac8f-dfc6e00f17ae
686acf1b-f550-4331-b837-7f17a7153e40,d432281a-8d80-46d6-8487-a957c0988aca
e00a3f76-c462-4c5f-b1d1-8a16c6236c90,ce1aa13f-aa4c-4047-b3e8-4ccdbccc1522
508dec46-06d0-4a6b-be42-2faec8a81340,da0b34ef-c930-41bc-b094-9ba6bd7595fc
548ebc5e-76c5-45f8-b50b-afa9fe172645,f2615f5c-f51c-41a9-a719-a6edff34b575
a6708e59-0c4d-4cc8-86b6-2b316309288d,95a7a548-3ff9-47d5-a332-d3cd5a416e9d
e6979cd9-89bc-4eee-bdea-80ac96f9bcf6,dc779b86-b302-45a0-b241-6af3d181955f
71613546-fe67-4f34-b001-871ecfb51fec,3c0c8803-e811-419d-8af2-0edee14284c7
3e93af12-dd08-418a-9381-5c100faa5fb6,83a9471e-442e-4e86-a8cc-b72aafa10dc3
850b0ae6-c3b8-404a-998e-6f757389cc54,49de94d3-e1d5-4112-bbfa-f975095594b2
7d508887-a235-4f6b-8113-11d27b30c90d,8ff385fa-6757-40db-9395-c88c997ef205
6a04a856-84c6-490a-b991-4761833b9f0f,b871e716-fff3-44b2-bb8d-8aa97595a022
e564c8df-0e76-43a3-a6f5-c1b43d4630d9,9d5c8480-c388-4483-aa29-bb27d2593eb7
aa22d434-7818-420c-b031-e22319995415,67204bc2-7856-4510-b26a-59be7f91ca82
69d9513f-b0c3-4d6b-ae35-020ec8fabdf7,a79ce855-7a7b-43cd-a29e-e8bb3f577518
2d752534-f5b6-4fac-9696-6ca8025e6652,01fd3ac7-b95d-4bdd-b739-23f7670fdb8c
8e4d01e6-c658-46a2-a26a-db2df3bd33bf,dae49748-ca3d-4b25-8611-88f492031569
65c1fee0-4551-4e83-8b8d-37d3cbfd6f32,5fd63402-2f47-4ecb-8d76-a9690166081b
a4ced51d-f25a-4fb8-8685-5d7b11c23aac,46af0cc8-0336-4f7f-b9c0-d5cb1f093755
54a761b5-5e9c-45aa-a7a0-33cb097eebb4,2ff6953b-4051-42f1-9938-8e307fbf9c63
8848bcc7-89ed-4be5-b99f-93812103293b,ecb37a6b-e4e3-4992-8693-8010355dea2f
ce6772e1-3333-41d1-99d1-5b03751269e1,93567a70-13ba-47e5-837c-20e567a57c40
8f01901b-8eae-4924-8cc9-e48063799c69,d9cb1731-f35c-4afe-bad3-f582c16afb21
8a93817d-80d0-45fc-8b30-872234fe7b32,05a290fc-7031-469d-9f75-c4807939b47e
e9c0ec20-78b5-4cc5-8f68-b5801a4c6aab,9ee557d1-49cc-4174-8b45-5861b0b29b41
99be2d42-fa6a-4eb8-9037-6fe51c8fe445,56547a1a-9d5f-49ba-b2a1-5b2c3b8484a6
41c19903-5933-4147-b75a-f8a388dcbae1,b78e48a3-799e-498d-a6cb-0fdc235799ee
9646621f-3855-4ff3-a5d8-f43387ac5d8a,60e43d3d-d747-4841-80ef-7de3c6ddaeda
34e398b2-3335-4610-963b-7926d332cff6,c202901c-9cbe-4104-8cab-1edfbc680387
c0ae3465-5b52-4c06-8809-467fd4100ace,dd8f7ffb-0ca9-45d8-ae4d-5e261cc3be36
cdfea637-acb2-4a63-9098-3e38547c29a4,80bce626-0fdf-45bd-9cc7-4b8ebe53d9c4
ff6a210f-fa7d-4893-b16d-04d50b24914e,dae49748-ca3d-4b25-8611-88f492031569
55b3c814-980f-4bcd-b1df-127c21e66725,925dceee-8239-4fee-a452-3dd4b4aa9632
333d8c07-a4e0-486b-a6c0-6267cdf648a7,87c9f8a1-0f3c-4762-924a-26963386500c
bf786b2b-ca50-4179-85d4-cb1fb0b15c2b,219d9aa5-b9f8-47b2-83f6-7943d970e6cc
b8cf4cc2-1cc8-40fa-a397-7c046895ace4,a3e6c0d3-f981-459b-99b1-6b2f68938850
2fbeca59-09d8-4c0a-bdbb-ccb69dd8f79b,917b2867-516e-4723-9b2e-52bce665d59f
546541bb-7fc6-4bf9-b30a-476cba1a107d,a8720e2e-fcee-4aa3-9904-513933fd131a
a918d279-0c55-463b-a87a-55b4a515ee2d,3d6613c8-4754-459d-b923-b173c723b517
eb561972-9e52-42f1-b3fd-69552c1c21c8,884955e4-9029-4eb5-9134-201acb237100
d8047561-a49d-4b05-acb0-9dabf0dfe9ea,5fc0c8b9-1729-4096-bfaf-03b878e6014f
e4800bc2-fdde-46b4-84ad-49583629990c,1c21196a-ab46-460f-aec8-5bf5020db6af
fccaf41d-ab84-42e3-bc1c-3bcb16c31658,2645fa6b-0e3d-4f62-9cab-e4fb82d501d8
cb2c53d2-d224-48d7-9fd3-13a27920c8dd,7ec67981-bf59-4ad0-8e80-7f22f7bbf834
18eb0706-6474-4857-bc6b-31968bf0f005,1c4f2c37-ed22-48bd-8a13-d29b62b7ab8b
11f7bb3f-8291-45d7-829b-647a46630ca4,1cb0e57a-faab-4409-ac20-af2e798dd322
6a04a856-84c6-490a-b991-4761833b9f0f,2a8c59fe-7b20-423d-ad8b-73d36d515762
2c9e828c-3e29-441e-8c6b-89b0e72cec33,cdacbd71-85f4-487a-bb09-e1cfc3745561
a682493c-f068-4884-bab3-f67606a0bb64,069aba29-bc90-4233-9ae8-02d16299e89c
611a3b0c-c963-46e2-a862-b8b4aec2267f,5e7f6229-f745-496f-a949-a5f3d3306617
bbc3a9f9-0382-46d8-92f1-71c99d394853,8f799086-1597-4506-ac67-760875b8af39
12ffb9b6-0831-4da9-8469-01781853e8cc,a96e2d7e-eb32-4407-b8ea-582d35ed060f
c609ae05-6825-453d-8437-2b57670ef7bd,a1c3eb77-7c87-481e-bba1-6585261e5b26
03cd36c7-9938-4bb3-84c4-919240e6296e,944f220d-d342-4923-82e2-54be82344869
14e660e5-cec4-4fff-a5fb-88ba5c463e40,9c0d1732-618a-4b24-ac8f-41a9d5b384d8
c865cbc7-ad6b-4577-912c-8638c0464f28,4d16c3b4-29fb-4610-948d-92d8f023f1c8
b79c457f-311f-4534-84ea-19e8a02a9926,03fafec9-67b1-4ccc-bcd3-fdfe5ab88db7
8f6a5173-2c97-4cbc-8c43-eb173c26f3f4,795e0088-deea-471d-aff6-30a1aa178d4d
d2d8a44c-60dc-48fa-abea-bbc64851c6d7,1c38f491-2701-4f9d-b5ed-76457a5e74d3
4f49889e-ecad-4146-8a7a-25508fbe69cc,fde6b5d7-f7d4-4ba9-b48a-c50b2add5445
65c1fee0-4551-4e83-8b8d-37d3cbfd6f32,ee53065c-32fe-4e36-b81a-728f1dd0e7b5
33e673b9-73db-4120-ab91-8dc3c89f4e93,87d64985-1483-4454-a09b-034ede00b658
75ee210d-01db-48d8-b615-eacabe62c849,07b04d2f-a5f2-4237-90a4-b7dc42b276b3
7b89f2ce-8f17-4e1c-a236-54a727e6f8fc,8eb25ba6-0293-4b1e-a1b2-fa455f490d11
425c0f5d-9e1b-4307-8e2d-bac55c292d59,813f31d2-43b5-4975-8d26-1f7450df0da5
1cd520c8-2715-4510-a116-40a4d78fdfec,c74f177c-281b-4d4d-8c46-7132cb4a814b
6ac67cab-a63e-468a-97a1-680fd256d785,24262a51-b78b-4bb3-9eae-bd80e83ec55d
3a3e7b85-44e3-42bd-a491-aaad55ced02d,b2cd4443-67a6-450d-9db9-5e6d583346fa
3404ce32-c8ad-4463-ab7a-321eeb8fc8ca,c62ce5ed-9a80-43ed-9ff8-828fb653c014
509170b0-6941-464f-8da7-10b5c08b2262,a380b526-3ec6-40df-8a04-5d23306c5975
4f49889e-ecad-4146-8a7a-25508fbe69cc,8d811b0f-3c1b-4e2d-9564-0e8e19ca437f
fe142fd2-9a16-4968-9d74-f7a454faffb7,2c355116-e958-4d73-b271-6b8575614b79
4ca5b89d-53be-4da7-9563-bfdfa5df37fd,ac78a772-4997-460d-84c2-4d65049ad940
737ee81a-847b-4abd-aa3c-0bd5d97e068d,442c1c8b-a08f-4985-bc01-d051e59c439d
92a1f67c-e407-4891-8500-45c67120c49c,76988c46-3de4-45e8-8bec-fcec2674b1df
e9f619c5-4ac0-4af2-86b6-6077060479f5,ebb0e1f7-92ab-4fb1-9241-48becc6c750c
4524361a-05dd-4858-aa86-50a4d166a1dc,76988c46-3de4-45e8-8bec-fcec2674b1df
50b44e1c-6cb2-494f-9c7f-c4797f7234dd,c74e1cbe-58f5-468e-b753-e2b171f7e099
d90557e1-c1c2-45ec-867a-4bf204392f9c,69a8226c-bbd3-45bb-9717-f3fb535388c3
fe8d1fdb-558b-4f3d-a12b-dc0bf5a9ed0c,2b64a661-95a1-4a31-a15b-a22c6cc04ad9
bce5ce8d-a9d6-42c8-a769-bf5595519437,8b1af4dd-818b-411a-a107-fc0b36e6f99e
c865cbc7-ad6b-4577-912c-8638c0464f28,53273926-c726-4d49-bef0-c44ed717a408
b58d62de-2a8c-4de2-8b9f-4a017a02010a,46af0cc8-0336-4f7f-b9c0-d5cb1f093755
4f7e24f9-d209-4232-936a-6c30e5df9aaf,d3eb9fb6-b67e-453d-8ce4-5167a0ef02a4
dd20ddce-711f-4f5d-9a7d-6ebf31d0c91b,ce1aa13f-aa4c-4047-b3e8-4ccdbccc1522
c1abf404-6f9c-4b62-a958-35bb342ba54d,c49c3c50-106b-440a-9ef4-935a93ad74c5
af653c9a-6c19-41f3-8be3-986b3fedce2d,cad2c0f5-34a0-4f5b-aeeb-20c1ce7135bb
e690d789-3dfd-4514-852b-8397a615044c,b29bc56d-2b40-4ac8-b47d-8504d727955a
8ee5659a-b6f2-4409-b454-9ae757d86386,d7e93354-24c1-4b93-98c4-d8db816c0b31
2738e61d-9727-4dfb-ba8b-4f21ec91448e,83128cf4-7f87-4c37-8b18-1e2500500408
850b0ae6-c3b8-404a-998e-6f757389cc54,1c21196a-ab46-460f-aec8-5bf5020db6af
75ee210d-01db-48d8-b615-eacabe62c849,43a890c3-47c9-4ff7-9613-5ed065851a7b
eaeddbfd-35eb-494b-ad19-a90f14a4c9cd,5a906b58-1eef-4bb7-810f-3241a526f225
688b3418-e69b-49a0-b89b-cd7d0a6b6796,01df6ada-e395-4ad2-b3f2-af7364b377d3
8ea6ad72-eb25-49fd-99ed-c7c2934bd1a9,805ccb7b-f156-4d22-97e0-407c18715d9d
e29fd81c-03fe-4c46-96d6-60c564634c58,7b717546-2543-46ed-a4b0-3b208f228afd
68d92ef3-01ca-429e-a349-b53c5bf8ff5b,afa8d4e4-8eaf-4495-939c-2169a831c8db
0c8d47c3-20b6-4f07-bccb-491e40184fa8,402ee00e-6ff5-4a53-aa16-e1a77cb171a9
a682493c-f068-4884-bab3-f67606a0bb64,58efc9ce-bd3b-4885-a27a-a1bc767708b5
7ab75a01-d929-4a51-8e2d-ecf212b55ca4,795e0088-deea-471d-aff6-30a1aa178d4d
3c4a9ee2-2072-4095-b9d8-06b60f7bcf18,46af0cc8-0336-4f7f-b9c0-d5cb1f093755
012f412b-e47d-44a9-8f86-00a98196c6d8,ec46bef5-221e-421f-b783-c809cd09b0ff
5b8d09d9-3372-4176-a53a-2964671906f5,1d48e98d-f7f8-46d5-8c76-a5ac117979b6
5ce99873-e154-49ea-befb-c4442d4ac5c1,b9b2c0f8-3b71-4e93-9e1b-b42542ccd955
a682493c-f068-4884-bab3-f67606a0bb64,d7d9b2d9-afc6-4726-9094-d1dab7127dba
c1abf404-6f9c-4b62-a958-35bb342ba54d,c74f177c-281b-4d4d-8c46-7132cb4a814b
df64e84e-9ad7-4b29-a0fa-fe6e3a9fabe2,9969b0a0-54d8-4a12-aab4-50b921eb5f5c
12ffb9b6-0831-4da9-8469-01781853e8cc,736cdc41-e456-4aea-841a-ede8cd55e76f
0adc1307-382e-47fb-8d32-345782b7bc67,42f3fc57-35c5-4f87-a9c8-e227e15c5cf0
ab891a55-25c4-450a-8d67-ae4cd1f8ddfe,1c38f491-2701-4f9d-b5ed-76457a5e74d3
a722d08a-1cbd-45a1-9a12-71b1ce9f3a8b,736cdc41-e456-4aea-841a-ede8cd55e76f
e6d30e61-cbbd-4000-8498-52d42afc4662,0de0aa1f-3892-422c-9584-53becccde773
94dde1ed-2c35-40b3-a514-d8c13bbc4340,925f1d74-df34-47c4-88b1-c8f6e80eed16
8eb25d80-5ac4-4aaa-ae52-e6318392b1cb,b90a3e43-7dba-4205-9c1a-0c3dae2e86bd
32ec904a-fd75-4bbc-a4b5-5ae022c5c1c7,ce08de4e-288c-4355-8edb-b95ed4b3b8d9
a52ce7eb-20e4-442f-b830-05a7b6b1ffb5,59e75dde-6f13-4d03-b9ee-039250fac2ca
bc2c1dd0-1535-4131-a3f0-371c9136cfbc,b3576ba7-f78d-4876-ad26-dad77d38ed49
bd4061ec-a04f-4043-bb49-07d827276c4a,82535d05-61c8-4d6d-a890-a77b7dc37526
097740cc-6d3b-4f53-ad90-32ca62214f11,dfd94b5d-13f9-4de2-8b94-912d173fb01c
4c8e65ab-b3d1-4e09-a253-c99a3d9d783e,57174303-4af1-4354-9df9-190b38ae6c8e
38c364b6-7edf-4780-8a0b-e1747e7b70ac,3d41cb45-898e-43e4-a664-c39eb2887381
c44de649-ad82-4317-b0e7-e6e5ac197d12,60e43d3d-d747-4841-80ef-7de3c6ddaeda
cb78a23b-c925-4f80-b594-7622df9b6137,2c355116-e958-4d73-b271-6b8575614b79
88d8150c-02c7-4f8c-b542-ed0190f456b5,309459ae-4a1b-477e-9b03-1ab8f7298313
3f5685dc-baa5-4cc7-86d3-a284ad8de143,24f2cf88-d474-451b-942e-f7c270c2d212
1ebe3953-4199-42ab-b0f3-f44187305b5a,9d9e9a29-529e-4fe3-942e-4b6c47c5152d
593b40d0-a2b2-4c99-8124-5d7cbff0c626,facf14b7-2ef9-4116-a61d-7dbd1287e1ac
b88444f2-13eb-448e-b300-d20859e46850,971d6866-54ce-4fd6-88aa-c844abbf1d72
8ee5659a-b6f2-4409-b454-9ae757d86386,d111f9c1-1f1f-4ec8-8616-c6b3d11c8d2e
a1ef4938-f2eb-49ea-a209-00161d7d07cf,9ac66500-2477-4e32-ba31-6b3da497ed6e
2e00ae91-bb09-4a43-82b5-6966baa033eb,f79cee85-e011-4a10-8573-0fadf24a23a3
fccaf41d-ab84-42e3-bc1c-3bcb16c31658,57d7fd59-f653-45fb-87bf-e6785f045c25
d2c92b2f-8212-4b62-ace9-3c3266647372,bd7e1427-435b-49fe-b8d8-796f60b7f517
b9192f61-5d7a-401a-b97b-5b76098ee340,8aaa5b92-169e-40b6-ad07-ba1bb60105bf
d6880806-112e-4061-9da4-8a8733c6cbd6,b4d61e13-cd51-48c7-ba0c-df5cbd7f4e28
3c3bcf4f-47db-4550-a2b4-e1f8c03a4bab,7327df2c-e08c-4738-a806-6f337209be02
e429e9cf-d24c-4a8b-81ae-11c6165f9a80,34c649d9-ff5d-4416-89a0-183f634c99a5
a29aabb6-f97c-49a7-bde1-2f5d644e57fa,01834329-3231-429c-85b7-95dce1c90a72
24fa2edb-a077-4193-ac3e-90843917aaa6,120646a6-4167-4b37-8b60-b2844c83ef8a
062458ee-8440-4371-92b4-e95e60422485,66b9003e-21f6-4eb1-8232-fa72316eee32
45b85cc7-8641-454d-b366-9092e93c601f,d8afcbc6-138d-450a-886b-1acd0aa734b7
a51a2e33-3798-44a3-b30f-70a5b63d0c70,07eb8421-0e97-419b-8c73-c5ada021b77d
1d166b04-66ff-407a-800a-6475de21eead,5bf308f2-7c33-49b4-8557-eef27f000887
c957795a-31e4-4ad3-90c6-f99a91ed0273,4eba9aea-db04-4a49-9dad-7e13853a1d21
693eee8a-19a7-4539-a5cb-ff3949cdecbb,1bcb250d-b663-4f62-b8fc-b0d8804580af
e82d1470-f4fc-4792-8011-a29e55a3c5dc,8d8c9656-fa9d-4aaa-93ba-4bda69075fee
9e3c5c3f-9a56-489f-ae16-49855afc6af9,fb709782-8897-4842-9392-255d92980bd7
2ff9ff54-cc75-4508-a90f-e45c2304f37e,81995555-ab30-4a41-b449-63a8992cc09a
9e7ace4a-03e7-40db-bf95-1208188d72ff,f4c9fe58-248d-4d94-9472-874ac502951c
af8c06cf-5894-455f-8b12-44481cf77a9d,281f7e5e-adb7-4469-aa71-2563424bf3dc
546541bb-7fc6-4bf9-b30a-476cba1a107d,53273926-c726-4d49-bef0-c44ed717a408
9f980280-c410-4bf5-8b78-168ccf338b6b,1bcb250d-b663-4f62-b8fc-b0d8804580af
4ff85079-66b1-4c2c-9e21-32c2d491fd26,d28773f2-1ca8-43eb-b2bc-8c1ce21d7f21
b80a98c1-b845-4f62-9056-94a9478a024b,f7864dc8-2b39-4d47-b44a-d4b9dd4d7d75
fa7d801b-c7ce-4e8d-87d1-70e7ff1e0ac7,21e8fba2-d9e9-4b4f-b822-9f56d5521dbf
e690d789-3dfd-4514-852b-8397a615044c,32605778-302e-4fb8-b9bd-032c1a5016b0
ac1ec1e4-80ae-4f12-8657-23ae2a184537,cbda7130-316e-4f3c-afec-d919cd89d9d8
468b46ee-0e6b-4bad-a312-ff75c5656ae8,da0b34ef-c930-41bc-b094-9ba6bd7595fc
ce259421-7622-4a8b-b1e4-e6e6077d7560,9452686d-692f-4722-89fc-7ac3765ebe86
33f871bc-0c91-4322-8c27-ad3bd163806e,915cce60-361b-4c7c-b020-8d13b6b63fdf
eb561972-9e52-42f1-b3fd-69552c1c21c8,861cf9d2-af27-4eca-aa73-1eaa74ad1e2b
d2af3090-7625-4a9a-bad0-cefaa5ac8b25,d2b09290-a5a1-49f9-a861-4e0d74b26cb2
62e83c3a-05ba-4d8f-9807-f51b22f84123,7f6be7a8-b2b0-4be7-ae5a-e8852f4f7189
fe142fd2-9a16-4968-9d74-f7a454faffb7,fca23fc0-863c-4f02-aed7-0897eb5189d5
3c836435-3290-4e21-9319-3aa54b833a22,14692832-d4a7-4c20-9cea-dfc5537d2dd8
b88444f2-13eb-448e-b300-d20859e46850,7d890797-1382-4a3f-9fbd-f9ca3b0ae032
5ab62f36-6ad8-463f-882b-944b2c2085cb,5d549a29-a761-4fd8-874d-199fb6b693f6
20399ae7-da37-43a7-978a-83e328041a66,59a4d544-25b3-43ee-a1d3-c45f2e5f9669
5909f773-0374-475e-8f97-e8ff1ea067d3,a6b5fadd-e53a-45a8-8a97-13a80e3be849
4f7e24f9-d209-4232-936a-6c30e5df9aaf,9ee557d1-49cc-4174-8b45-5861b0b29b41
d387c718-e859-44f7-b048-f3c239e48346,6fca1973-cc9a-4620-b86a-46bdf04c0bb4
6dbe3d4c-0a1d-4e5b-9382-dceec7ff5c58,b10024c9-cf0b-4193-b11f-27442dc49c4a
2c9e828c-3e29-441e-8c6b-89b0e72cec33,a73371bc-c883-4e94-a413-c1e927248849
1e92920a-9773-44b9-8b47-d9fc6c99b32e,bfff3164-d757-4bb2-b602-280823bbda8d
a049cdec-a33d-4bdf-882b-7ba3d5d3182e,285af857-0d69-41b3-831d-e30d677c65c1
b89907d4-e55d-48b6-92db-30f794ce0672,b4d61e13-cd51-48c7-ba0c-df5cbd7f4e28
dd20ddce-711f-4f5d-9a7d-6ebf31d0c91b,27388984-74c9-416d-93f6-dee06f4c5d91
fb9c7f19-aeb4-4957-beab-4c4cf58065a1,7b717546-2543-46ed-a4b0-3b208f228afd
63b5dc7f-df08-46c8-88e7-8ce6cffad0c5,4215aa4d-8346-4156-9232-9709d639821d
c7ebef06-d464-4cb8-b4cf-64316223bcd8,85f0b2f7-f3f8-449e-9894-8d859561e281
